1.064351439476013184e+00,3.725385069847106934e-01,-2.778111696243286133e-01,1.192878246307373047e+00,7.708051204681396484e-01,-3.634092211723327637e-01,1.360503554344177246e+00,-3.484526574611663818e-01,-7.584292292594909668e-01,-9.431347250938415527e-02,-1.215809583663940430e+00,6.412609219551086426e-01,1.643676519393920898e+00,8.630340099334716797e-01,-7.317727208137512207e-01,-6.814488172531127930e-01,3.197304606437683105e-01,-1.395010471343994141e+00,8.150269389152526855e-01,9.871876835823059082e-01,-1.604631543159484863e+00,-3.283550441265106201e-01,-6.473711133003234863e-01,-1.133043050765991211e+00,1.780439972877502441e+00,-5.030647516250610352e-01,4.064167141914367676e-01,-3.165371417999267578e-01,7.664240598678588867e-01,-4.727861881256103516e-01
-1.687828004360198975e-01,1.327939987182617188e+00,-4.315693974494934082e-01,1.543445348739624023e+00,-1.724910289049148560e-01,1.314865589141845703e+00,4.603536128997802734e-01,-1.807012036442756653e-02,6.732538342475891113e-01,9.156072139739990234e-01,-5.304608494043350220e-02,-3.980737030506134033e-01,-7.879739403724670410e-01,-4.457629024982452393e-01,-1.109199285507202148e+00,2.001115083694458008e+00,9.577564597129821777e-01,-1.097081378102302551e-01,1.377897858619689941e+00,1.757584214210510254e+00,-1.200667023658752441e+00,1.356535196304321289e+00,-3.063428997993469238e-01,-3.560202419757843018e-01,1.186327859759330750e-01,9.774909019470214844e-01,-5.149101018905639648e-01,5.462721586227416992e-01,5.924904942512512207e-01,3.777408897876739502e-01
8.712096810340881348e-01,8.618879914283752441e-01,7.094647884368896484e-01,2.686547935009002686e-01,-4.041104912757873535e-01,-1.246275901794433594e+00,3.354969620704650879e-01,4.077268242835998535e-01,-5.799490213394165039e-01,6.472254991531372070e-01,-1.471041917800903320e+00,5.679671168327331543e-01,1.335803270339965820e+00,-6.422174721956253052e-02,-6.891065835952758789e-02,-8.720875531435012817e-02,-1.024700880050659180e+00,-3.738299012184143066e-02,1.083909749984741211e+00,5.153547525405883789e-01,-5.790707468986511230e-01,-6.788375973701477051e-02,-2.461542785167694092e-01,-1.902479827404022217e-01,1.518367230892181396e-01,-1.672984480857849121e+00,1.685322284698486328e+00,-1.542433738708496094e+00,8.818244934082031250e-01,-6.128309369087219238e-01
-7.994461655616760254e-01,1.667135000228881836e+00,5.842033624649047852e-01,4.635907709598541260e-01,-3.902275860309600830e-01,-1.423124521970748901e-01,6.011545658111572266e-01,-6.089116930961608887e-01,-1.562414646148681641e+00,6.976252794265747070e-02,1.116044282913208008e+00,7.168418765068054199e-01,7.456909418106079102e-01,2.154567539691925049e-01,6.024780273437500000e-01,1.689198851585388184e+00,-1.623432397842407227e+00,-8.048100471496582031e-01,-2.418336421251296997e-01,-4.807224869728088379e-01,7.676136493682861328e-02,8.752178400754928589e-03,9.766028821468353271e-02,1.322659373283386230e+00,9.783301353454589844e-01,-1.799435377120971680e+00,1.736279129981994629e+00,6.905210018157958984e-02,-3.150320649147033691e-01,-6.223002076148986816e-01
1.943963050842285156e+00,4.364669322967529297e-01,-8.962972164154052734e-01,5.019682645797729492e-01,1.161705732345581055e+00,2.708828151226043701e-01,-6.697697639465332031e-01,3.259866535663604736e-01,-1.300492137670516968e-01,1.692671328783035278e-02,1.050136446952819824e+00,-3.799533843994140625e-01,-1.086460590362548828e+00,1.662779211997985840e+00,-2.138977527618408203e+00,-4.593355357646942139e-01,-2.110918760299682617e+00,-7.793309688568115234e-01,-1.358475685119628906e+00,7.161951065063476562e-01,7.850860357284545898e-01,6.301515698432922363e-01,8.058592081069946289e-01,-7.495310306549072266e-01,1.051192522048950195e+00,-4.162966310977935791e-01,-1.607262790203094482e-01,-1.275771856307983398e+00,-1.555184960365295410e+00,-4.186480343341827393e-01
-2.582325339317321777e-01,1.976818561553955078e+00,1.451204776763916016e+00,7.267147898674011230e-01,4.009040445089340210e-02,-1.012872457504272461e+00,4.693735241889953613e-01,1.691940724849700928e-01,1.414386510848999023e+00,1.517767906188964844e+00,4.917090833187103271e-01,-4.266771972179412842e-01,-1.672539860010147095e-01,-3.617073297500610352e-01,4.149260520935058594e-01,1.466185212135314941e+00,-9.224534034729003906e-03,3.345548510551452637e-01,1.329728215932846069e-01,-9.589269161224365234e-01,7.306380271911621094e-01,4.710502922534942627e-01,-2.094432592391967773e+00,-4.763916134834289551e-01,-2.563219666481018066e-01,1.003277659416198730e+00,-3.489159643650054932e-01,-3.640784025192260742e-01,9.883364439010620117e-01,1.331434398889541626e-02
5.433529019355773926e-01,1.012670397758483887e+00,-1.141943812370300293e+00,1.573679000139236450e-01,-1.127993583679199219e+00,-5.595986247062683105e-01,8.528315424919128418e-01,-1.932164669036865234e+00,-6.557308435440063477e-01,-1.385527014732360840e+00,-1.019546270370483398e+00,-1.979489624500274658e-01,1.002880692481994629e+00,1.646066606044769287e-01,1.383545279502868652e+00,5.298158526420593262e-01,-2.494001150131225586e+00,-1.194900050759315491e-01,8.677944540977478027e-01,3.064312040805816650e-01,-2.904872968792915344e-02,-1.147095441818237305e+00,-1.903498321771621704e-01,7.301677465438842773e-01,9.657171964645385742e-01,5.167474746704101562e-01,-6.599811911582946777e-01,-1.255438029766082764e-01,-4.117442965507507324e-01,5.880013108253479004e-01
-5.487834811210632324e-01,-4.494290947914123535e-01,-1.906419754028320312e+00,3.099355697631835938e-01,1.029014494270086288e-02,-3.032237756997346878e-03,-4.439279809594154358e-02,2.608917474746704102e+00,-4.452013075351715088e-01,1.226107358932495117e+00,6.462659239768981934e-01,4.402978420257568359e-01,5.132260322570800781e-01,8.111321330070495605e-01,1.010333657264709473e+00,7.700385451316833496e-01,2.278230905532836914e+00,-1.174706369638442993e-01,1.845297098159790039e+00,-1.007989168167114258e+00,5.406120419502258301e-01,-2.039974451065063477e+00,-1.082546234130859375e+00,-1.068771257996559143e-01,-9.501728415489196777e-01,-1.278340935707092285e+00,3.612489104270935059e-01,1.022520422935485840e+00,-1.617509722709655762e-01,-9.699448347091674805e-01
6.174889802932739258e-01,1.480605244636535645e+00,-6.458143591880798340e-01,-1.217563629150390625e+00,-1.968649923801422119e-01,-3.267377242445945740e-02,9.546393156051635742e-01,-6.325299739837646484e-01,-1.028582096099853516e+00,7.042211890220642090e-01,7.751402258872985840e-01,-5.605469346046447754e-01,-1.403558015823364258e+00,-4.000240266323089600e-01,-1.716013550758361816e-01,-1.841929078102111816e+00,-4.007454961538314819e-02,-1.156224727630615234e+00,3.769849836826324463e-01,2.557997405529022217e-01,-4.864569306373596191e-01,-3.476156294345855713e-01,-7.624914646148681641e-01,-1.237283945083618164e+00,-1.058630466461181641e+00,1.385973215103149414e+00,-4.614239037036895752e-01,1.109662771224975586e+00,1.829298973083496094e+00,-6.157197952270507812e-01
1.606515407562255859e+00,-1.948994249105453491e-01,-1.759037256240844727e+00,-6.263495087623596191e-01,8.589864373207092285e-01,1.446340978145599365e-01,3.269539773464202881e-02,4.881815612316131592e-01,-1.453595142811536789e-02,-4.056688249111175537e-01,-1.207662701606750488e+00,-6.338757276535034180e-01,8.807082772254943848e-01,1.388750314712524414e+00,1.007166862487792969e+00,-1.143223285675048828e+00,2.212794542312622070e+00,1.044652700424194336e+00,1.581819057464599609e+00,-7.002023458480834961e-01,9.257408976554870605e-02,1.105561137199401855e+00,-9.032472968101501465e-02,1.659020900726318359e+00,-1.254721403121948242e+00,-7.724379897117614746e-01,1.164888739585876465e+00,2.711704671382904053e-01,-1.144872426986694336e+00,5.643418431282043457e-01
5.349984765052795410e-01,1.066004857420921326e-02,1.839380860328674316e-01,-3.670677915215492249e-02,-8.893143534660339355e-01,-2.505613565444946289e+00,1.147118806838989258e+00,6.669408679008483887e-01,1.461352944374084473e+00,1.044201254844665527e+00,-1.097077727317810059e+00,4.503930807113647461e-01,3.586392104625701904e-02,9.576833248138427734e-02,1.837405413389205933e-01,-1.934416532516479492e+00,-5.258288979530334473e-01,6.424752473831176758e-01,-6.740911006927490234e-01,2.238555848598480225e-01,6.355676651000976562e-01,-1.387720704078674316e-01,2.313603639602661133e+00,9.423118829727172852e-01,2.523252740502357483e-03,1.792198717594146729e-01,2.371484518051147461e+00,9.002177119255065918e-01,-9.710696339607238770e-01,2.145847231149673462e-01
-1.352321505546569824e+00,-1.817792356014251709e-01,2.004718035459518433e-01,1.427149295806884766e+00,1.645019501447677612e-01,-2.999265193939208984e-01,-1.119298934936523438e+00,-5.076453685760498047e-01,7.431865334510803223e-01,-8.013932406902313232e-02,2.117038704454898834e-02,7.307220250368118286e-02,-5.075297951698303223e-01,4.896550178527832031e-01,5.700968540622852743e-05,1.323052048683166504e+00,2.472675740718841553e-01,2.566426992416381836e-01,-6.335723400115966797e-01,2.073893070220947266e+00,4.499209523200988770e-01,-2.558908462524414062e-01,-8.569226861000061035e-01,-3.606177270412445068e-01,2.948821708559989929e-02,-9.805008769035339355e-01,-3.065389394760131836e-01,-1.534552723169326782e-01,1.332095980644226074e+00,-1.554629206657409668e-01
-7.794265151023864746e-01,9.681775569915771484e-01,6.544926762580871582e-01,-7.325560727622359991e-05,-7.800465226173400879e-01,1.248608350753784180e+00,-2.159614801406860352e+00,-4.601491987705230713e-02,4.843717217445373535e-01,-1.772779107093811035e+00,6.848186999559402466e-02,-7.862260937690734863e-01,8.418229967355728149e-02,3.242722153663635254e-01,1.551099061965942383e+00,-4.446863234043121338e-01,-7.372587174177169800e-02,-5.271940231323242188e-01,1.382399052381515503e-01,7.904104143381118774e-02,-2.197755128145217896e-02,2.361932516098022461e+00,9.473410844802856445e-01,-1.453003048896789551e+00,8.456097841262817383e-01,-1.223811283707618713e-01,-1.517830610275268555e+00,1.413377881050109863e+00,9.049937725067138672e-01,-1.137441247701644897e-01
7.720866799354553223e-01,2.944290935993194580e-01,-1.141072392463684082e+00,1.266176581382751465e+00,-2.692202091217041016e+00,2.276004552841186523e+00,4.642150104045867920e-01,-1.597591161727905273e+00,-3.930760324001312256e-01,-8.170083761215209961e-01,-3.010139800608158112e-02,-4.857685565948486328e-01,-8.312721848487854004e-01,-1.815275400876998901e-01,7.262860536575317383e-01,1.768918037414550781e-01,6.923525929450988770e-01,6.385455727577209473e-01,-7.729980349540710449e-01,8.728118240833282471e-02,3.559800088405609131e-01,3.257197439670562744e-01,3.043098747730255127e-01,-2.221362113952636719e+00,-2.156916707754135132e-01,3.055060803890228271e-01,8.497210144996643066e-01,5.581998229026794434e-01,-4.138483405113220215e-01,1.068236470222473145e+00
1.168746471405029297e+00,-9.505793452262878418e-01,4.840449988842010498e-01,1.106727942824363708e-01,1.402240157127380371e+00,-1.341217517852783203e+00,-9.036239385604858398e-01,-1.112717866897583008e+00,1.569797873497009277e+00,8.057886958122253418e-01,1.072338581085205078e+00,5.205101966857910156e-01,-1.645217299461364746e+00,5.634652823209762573e-02,-1.330237507820129395e+00,-1.153024315834045410e+00,-2.513319551944732666e-01,-1.917686581611633301e+00,3.743052780628204346e-01,-5.337349772453308105e-01,-1.339282244443893433e-01,-1.116547226905822754e+00,-7.768934965133666992e-01,-1.888712197542190552e-01,-1.878171682357788086e+00,-1.818451404571533203e+00,-7.510796785354614258e-01,2.010541439056396484e+00,-2.482108026742935181e-01,-1.057513594627380371e+00
-1.547973752021789551e+00,7.013798952102661133e-01,-2.719013392925262451e-01,1.356846928596496582e+00,-4.598998725414276123e-01,-1.679490208625793457e+00,-1.059873223304748535e+00,1.191698908805847168e+00,-5.560723543167114258e-01,3.496755957603454590e-01,5.146867036819458008e-01,1.004498079419136047e-01,-1.665725023485720158e-03,-2.192058801651000977e+00,9.737661480903625488e-01,-1.468299031257629395e+00,1.119241833686828613e+00,7.028350830078125000e-01,2.062650024890899658e-01,-8.205447793006896973e-01,-1.767110228538513184e+00,1.012853264808654785e+00,7.965618968009948730e-01,-3.728484511375427246e-01,2.133139610290527344e+00,1.965859413146972656e+00,-1.568284153938293457e+00,5.975498557090759277e-01,1.770835220813751221e-01,2.253242254257202148e+00
-5.157006382942199707e-01,-9.278234243392944336e-01,-5.050843954086303711e-01,-9.561731815338134766e-01,-7.038292288780212402e-01,-8.397526293992996216e-02,-2.494009956717491150e-02,9.130240678787231445e-01,2.971670627593994141e-01,1.699636429548263550e-01,8.063867092132568359e-01,-1.594969630241394043e+00,-1.272148132324218750e+00,9.436592459678649902e-01,8.965175747871398926e-01,-1.809145927429199219e+00,-2.599637210369110107e-01,-2.627223134040832520e-01,-2.597707509994506836e-01,-1.881311088800430298e-01,-2.005870938301086426e-01,-1.274836778640747070e+00,-1.846541881561279297e+00,-3.006195724010467529e-01,-1.443301677703857422e+00,1.310788393020629883e+00,-2.505661845207214355e-01,-2.150451540946960449e-01,1.264603257179260254e+00,-8.906654715538024902e-01
-8.847610652446746826e-02,6.798893213272094727e-01,2.175345122814178467e-01,-7.456036806106567383e-01,-1.138759016990661621e+00,-5.381066203117370605e-01,2.132122993469238281e+00,8.657296895980834961e-01,-1.145460009574890137e-01,1.905915498733520508e+00,-6.444637775421142578e-01,1.076281070709228516e-01,5.238080024719238281e-01,-4.292945563793182373e-01,-1.226943373680114746e+00,2.236584424972534180e-01,-1.526962876319885254e+00,-3.627136945724487305e-01,-1.438409447669982910e+00,1.396036148071289062e-01,8.856938481330871582e-01,-1.176870167255401611e-01,3.268979191780090332e-01,1.479890108108520508e+00,3.939502537250518799e-01,-4.396759569644927979e-01,7.986027598381042480e-01,-1.507019519805908203e+00,3.863902390003204346e-01,-1.735680103302001953e-01
-2.478538453578948975e-01,-1.746547102928161621e+00,-5.353694558143615723e-01,1.435615658760070801e+00,1.972623229026794434e+00,4.977453052997589111e-01,6.073696613311767578e-01,2.865706980228424072e-01,1.345639079809188843e-01,6.787039339542388916e-02,-1.214277267456054688e+00,-4.992258846759796143e-01,-1.996246725320816040e-01,1.048280820250511169e-01,-1.971814483404159546e-01,6.957362592220306396e-02,-1.217389702796936035e+00,7.824271321296691895e-01,-1.683156490325927734e-01,5.806335210800170898e-01,8.967077732086181641e-01,9.907068312168121338e-02,-2.121667385101318359e+00,-1.053617715835571289e+00,-4.628058373928070068e-01,-5.023726224899291992e-01,3.143225312232971191e-01,-2.012546062469482422e+00,-2.489832639694213867e+00,-1.580439954996109009e-01
-2.057416677474975586e+00,8.958829641342163086e-01,1.763764023780822754e+00,1.805698513984680176e+00,7.303574681282043457e-01,7.507363557815551758e-01,-6.580042839050292969e-02,9.730483889579772949e-01,1.912777423858642578e-01,-1.090981841087341309e+00,4.958300292491912842e-01,-6.400363445281982422e-01,3.402585685253143311e-01,9.707279205322265625e-01,-3.639477789402008057e-01,1.865738868713378906e+00,3.404154479503631592e-01,-2.444669008255004883e-01,-1.112123280763626099e-01,2.914082109928131104e-01,9.100589752197265625e-01,1.002161651849746704e-01,6.767081022262573242e-01,-4.742496907711029053e-01,-6.611447334289550781e-01,-7.235287427902221680e-01,-6.082918494939804077e-02,-6.396963000297546387e-01,-1.398448705673217773e+00,5.754574537277221680e-01
2.353106588125228882e-01,3.901062309741973877e-01,2.073158264160156250e+00,-1.637247562408447266e+00,1.010058999061584473e+00,-4.319820702075958252e-01,-2.604890108108520508e+00,8.851361870765686035e-01,1.648338884115219116e-01,4.929267764091491699e-01,-1.092977881431579590e+00,-1.526546716690063477e+00,4.913555458188056946e-02,1.553311109542846680e+00,6.483842134475708008e-01,-3.564959764480590820e-01,1.501502513885498047e+00,-1.284477591514587402e+00,1.363358616828918457e+00,-4.565179347991943359e-01,7.016503214836120605e-01,4.459128975868225098e-01,-6.202616691589355469e-01,-1.487608104944229126e-01,-1.647660970687866211e+00,-8.883180469274520874e-02,-1.100027918815612793e+00,-2.052583694458007812e+00,-5.566646810621023178e-03,1.404877305030822754e-01
-4.997412264347076416e-01,-1.070895567536354065e-01,-2.267929017543792725e-01,6.448256373405456543e-01,1.110599040985107422e+00,-6.571032106876373291e-02,-1.059252619743347168e+00,2.597656846046447754e-01,-5.988963246345520020e-01,-2.294754832983016968e-01,1.624021977186203003e-01,1.970717906951904297e+00,4.162450507283210754e-02,-1.883883178234100342e-01,1.107598662376403809e+00,-1.610007524490356445e+00,-8.495852947235107422e-01,6.437375545501708984e-01,4.947824776172637939e-01,-2.747348546981811523e-01,1.670407056808471680e+00,1.169855594635009766e+00,2.541202120482921600e-02,-2.147215604782104492e+00,-1.439031958580017090e+00,2.523221671581268311e-01,-9.868165478110313416e-03,1.636877283453941345e-02,-9.772499203681945801e-01,-2.132639735937118530e-01
7.201898097991943359e-01,1.913533210754394531e+00,-1.682052135467529297e+00,6.924841403961181641e-01,-8.954637646675109863e-01,-8.844761848449707031e-01,2.329682856798171997e-01,2.916840910911560059e-01,6.225225329399108887e-01,7.058938145637512207e-01,-4.068815708160400391e-01,-2.105562984943389893e-01,-6.451325416564941406e-01,-6.956154108047485352e-01,-9.110798835754394531e-01,2.128880023956298828e+00,1.060257792472839355e+00,-4.701646864414215088e-01,1.088859438896179199e+00,1.540862679481506348e+00,5.144503712654113770e-01,-1.157044053077697754e+00,1.469825506210327148e-01,3.960123285651206970e-02,-1.187755584716796875e+00,-1.543982028961181641e+00,1.429396748542785645e+00,1.297875761985778809e+00,-1.452547311782836914e+00,1.370006918907165527e+00
7.786155343055725098e-01,8.025954961776733398e-01,1.152039408683776855e+00,-2.916482210159301758e+00,4.307018518447875977e-01,-1.540373325347900391e+00,4.264379441738128662e-01,5.729701519012451172e-01,5.004438385367393494e-02,-1.474370360374450684e+00,2.904363572597503662e-01,-9.533953666687011719e-01,-1.988786971196532249e-03,-1.690800428390502930e+00,2.198535948991775513e-01,-2.376478910446166992e+00,-1.887436658143997192e-01,5.769883394241333008e-01,-2.403829097747802734e+00,2.458872348070144653e-01,5.007594823837280273e-01,2.245520502328872681e-01,1.944371223449707031e+00,2.334739565849304199e-01,-3.719985857605934143e-02,-6.113649010658264160e-01,-1.116528511047363281e+00,3.308400869369506836e+00,-5.712939053773880005e-02,-9.660156816244125366e-02
5.805149078369140625e-01,-4.247002303600311279e-01,9.159660935401916504e-01,3.901436179876327515e-02,-1.196624875068664551e+00,-8.289642632007598877e-02,-1.265184879302978516e-01,-3.343800306320190430e-01,1.873311877250671387e+00,5.006629824638366699e-01,8.882831335067749023e-01,-2.688748598098754883e+00,-4.736905395984649658e-01,2.138219356536865234e+00,2.180594354867935181e-01,-2.142721861600875854e-01,8.193494081497192383e-01,-1.582819819450378418e+00,2.375492006540298462e-01,6.874323487281799316e-01,1.649030745029449463e-01,-8.631180971860885620e-02,-1.579607129096984863e-01,1.662821888923645020e+00,7.169002890586853027e-01,3.548019528388977051e-01,-7.449618577957153320e-01,-2.337668657302856445e+00,2.023074388504028320e+00,4.852367937564849854e-01
1.211497545242309570e+00,-4.819665104150772095e-02,9.472438693046569824e-01,-1.124069333076477051e+00,8.735970407724380493e-02,6.146183609962463379e-01,-4.078557342290878296e-02,-2.028540521860122681e-01,5.689613223075866699e-01,-1.755621314048767090e+00,7.508815526962280273e-01,-1.272687315940856934e-01,-5.433475971221923828e-01,3.952866792678833008e-02,1.505415439605712891e+00,-3.848907649517059326e-01,2.945581674575805664e-01,-3.072131872177124023e-01,-1.767625927925109863e+00,1.655662894248962402e+00,-1.334926128387451172e+00,-1.168214559555053711e+00,-1.321396231651306152e+00,-1.080166816711425781e+00,-1.400866150856018066e+00,6.345462799072265625e-01,-2.789064049720764160e-01,1.877457857131958008e+00,1.178467392921447754e+00,-9.833121895790100098e-01
2.501037716865539551e-01,-1.125683262944221497e-01,8.363190889358520508e-01,-7.130701541900634766e-01,-1.238322928547859192e-01,1.653198719024658203e+00,9.536896944046020508e-01,-3.589295148849487305e-01,6.126174330711364746e-01,3.604423999786376953e-01,-2.934692800045013428e-02,-5.897001624107360840e-01,-5.090988874435424805e-01,-8.882970213890075684e-01,-1.024536013603210449e+00,-5.990429520606994629e-01,1.556010365486145020e+00,-2.557434439659118652e-01,1.635785400867462158e-01,-7.735443711280822754e-01,1.088947892189025879e+00,-7.965452671051025391e-01,4.106678068637847900e-02,1.939315915107727051e+00,-6.678278446197509766e-01,9.375490248203277588e-02,-1.237459540367126465e+00,1.200430750846862793e+00,-1.755493521690368652e+00,-1.036205291748046875e+00
-9.139069914817810059e-01,1.974490642547607422e+00,1.440464615821838379e+00,-2.550486028194427490e-01,-7.308041453361511230e-01,1.114867806434631348e+00,-1.424288153648376465e+00,-4.270496666431427002e-01,-1.159515738487243652e+00,1.013972163200378418e+00,-6.088591367006301880e-02,-1.337351322174072266e+00,-9.492355585098266602e-01,6.092516779899597168e-01,-4.549753665924072266e-01,3.793873786926269531e-01,-1.560953725129365921e-02,3.381486237049102783e-01,-6.396836042404174805e-01,9.411702156066894531e-01,1.628677248954772949e-01,5.067521706223487854e-02,8.897931575775146484e-01,-1.163303852081298828e+00,1.070398092269897461e+00,8.845964670181274414e-01,4.502916038036346436e-01,-1.068325757980346680e+00,-1.700987815856933594e+00,1.291226893663406372e-01
-2.392662048339843750e+00,6.084020137786865234e-01,-1.735669225454330444e-01,-1.540581464767456055e+00,-6.605727672576904297e-01,5.552103519439697266e-01,4.700787067413330078e-01,-8.070221543312072754e-01,-8.772273063659667969e-01,4.305291175842285156e-01,6.826735567301511765e-03,-1.818090379238128662e-01,2.980808317661285400e-01,-2.787856340408325195e+00,5.504738092422485352e-01,-8.324216008186340332e-01,2.390327155590057373e-01,-2.130287140607833862e-01,1.982253789901733398e+00,-8.389803767204284668e-01,-2.133363485336303711e-01,-1.802679300308227539e-01,7.060111761093139648e-01,-3.625125408172607422e+00,-4.918667376041412354e-01,-6.628377437591552734e-01,-3.781541585922241211e-01,9.221161603927612305e-01,1.249645829200744629e+00,4.927330315113067627e-01
2.366033345460891724e-01,3.119276762008666992e-01,-4.329633116722106934e-01,3.820444345474243164e-01,-8.613423705101013184e-01,6.447872519493103027e-01,-3.534138202667236328e-01,1.093512892723083496e+00,-1.568756341934204102e+00,8.658874034881591797e-01,-4.179560244083404541e-01,-1.037452578544616699e+00,3.332980275154113770e-01,1.530493974685668945e+00,2.924845218658447266e-01,1.709379911422729492e+00,-1.415738224983215332e+00,1.171767830848693848e+00,1.032205671072006226e-02,1.006176590919494629e+00,-3.305949270725250244e-01,1.479734480381011963e-01,3.934315741062164307e-01,9.242688119411468506e-02,3.590611815452575684e-01,1.524775475263595581e-02,1.040083885192871094e+00,2.956918179988861084e-01,3.532503545284271240e-01,1.467815190553665161e-01
8.014189600944519043e-01,-2.055233567953109741e-01,1.132025361061096191e+00,-1.053256392478942871e+00,4.406757056713104248e-01,1.763370275497436523e+00,5.095950514078140259e-02,4.976810812950134277e-01,9.542158991098403931e-02,1.380797863006591797e+00,8.228601217269897461e-01,-2.115104913711547852e+00,1.699302315711975098e+00,-5.819311738014221191e-01,1.213365435600280762e+00,-5.106118321418762207e-01,1.517007946968078613e+00,-3.940581381320953369e-01,3.457170426845550537e-01,1.068593502044677734e+00,-6.325308680534362793e-01,1.295939087867736816e-01,1.184356331825256348e+00,-5.137995481491088867e-01,1.213690638542175293e+00,5.618177056312561035e-01,1.095314770936965942e-01,4.751341938972473145e-01,-1.478234305977821350e-02,-3.036189973354339600e-01
-2.630943953990936279e-01,7.270572781562805176e-01,5.023049712181091309e-01,2.445749752223491669e-02,-1.702925801277160645e+00,1.471850872039794922e-01,2.988946437835693359e-01,5.266538858413696289e-01,4.973946809768676758e-01,6.964852213859558105e-01,-4.853459298610687256e-01,1.011168956756591797e+00,-1.278627395629882812e+00,1.645101904869079590e-01,-5.717892050743103027e-01,-1.010049343109130859e+00,8.834647387266159058e-02,2.506917715072631836e-01,2.940341949462890625e+00,-1.384895443916320801e+00,-3.415830433368682861e-01,-1.083062216639518738e-01,5.780773758888244629e-01,2.816180229187011719e+00,3.597922325134277344e-01,-7.840365767478942871e-01,1.404527544975280762e+00,-3.836015164852142334e-01,2.013343572616577148e+00,1.360146880149841309e+00
-2.513087749481201172e+00,1.168881654739379883e+00,-6.705045104026794434e-01,4.091112315654754639e-01,-1.204050704836845398e-01,-4.810920655727386475e-01,-4.503540396690368652e-01,5.552468448877334595e-02,1.322465062141418457e+00,3.684046864509582520e-02,1.306985735893249512e+00,-1.511090993881225586e+00,-8.803997039794921875e-01,2.084350347518920898e+00,-7.731366157531738281e-01,-2.707997262477874756e-01,-1.115854978561401367e+00,4.145130813121795654e-01,8.852598667144775391e-01,-1.125198975205421448e-01,-9.146850705146789551e-01,1.988053321838378906e-01,-1.672465354204177856e-01,9.402615576982498169e-02,-5.729672312736511230e-01,-5.685985684394836426e-01,-1.823821477591991425e-02,2.255317866802215576e-01,1.658160686492919922e-01,2.896402478218078613e-01
1.209886148571968079e-01,-7.475063800811767578e-01,4.480938911437988281e-01,-7.163914442062377930e-01,-4.230031669139862061e-01,3.611705899238586426e-01,1.835340023040771484e+00,1.566986799240112305e+00,1.001487612724304199e+00,-1.932704895734786987e-01,-2.055313624441623688e-02,6.034100055694580078e-01,-1.232038736343383789e-01,1.734849810600280762e-02,2.396095776930451393e-03,3.001325726509094238e-01,-7.889620065689086914e-01,2.553291320800781250e-01,-9.973818063735961914e-01,-2.429444342851638794e-01,6.128117069602012634e-02,-5.852006077766418457e-01,4.367136359214782715e-01,1.126994609832763672e+00,6.086246967315673828e-01,9.256684184074401855e-01,-1.410938262939453125e+00,7.851107716560363770e-01,4.884654581546783447e-01,-3.015446662902832031e-01
2.299968004226684570e-01,-1.574966669082641602e+00,-5.809851884841918945e-01,3.889495432376861572e-01,9.856346249580383301e-01,5.188236832618713379e-01,-5.809605494141578674e-02,-1.827327132225036621e+00,1.902581006288528442e-01,-9.555262923240661621e-01,6.714379042387008667e-02,-1.519556999206542969e+00,-1.722821950912475586e+00,7.541659474372863770e-01,-3.181050717830657959e-02,-1.900064706802368164e+00,-3.775395154953002930e-01,-2.123984336853027344e+00,-6.268084049224853516e-01,-1.177865743637084961e+00,-5.871853232383728027e-01,-1.070209026336669922e+00,7.246891260147094727e-01,-9.920998811721801758e-01,-3.686713278293609619e-01,9.491976499557495117e-01,1.920551359653472900e-01,-3.414472639560699463e-01,-1.221749901771545410e+00,-5.539962649345397949e-01
2.571110427379608154e-01,1.401085376739501953e+00,-1.812928795814514160e+00,-9.556012153625488281e-01,1.702876210212707520e+00,-5.483961701393127441e-01,5.018579959869384766e-01,-3.240382075309753418e-01,-3.853279352188110352e-01,2.174314111471176147e-01,-1.848931163549423218e-01,9.867284297943115234e-01,-2.035734802484512329e-01,2.733284235000610352e+00,-3.781819641590118408e-01,-1.054280519485473633e+00,3.106061220169067383e-01,9.530857205390930176e-01,-5.602148771286010742e-01,-6.293582916259765625e-01,2.155566215515136719e+00,1.315762639045715332e+00,-3.636175990104675293e-01,-7.454271912574768066e-01,4.778581857681274414e-01,3.312607705593109131e-01,-2.331087440252304077e-01,3.713073134422302246e-01,-2.940441071987152100e-01,-6.884410977363586426e-01
-1.631250023841857910e+00,7.710597664117813110e-02,4.696391895413398743e-02,-1.408172130584716797e+00,-4.899114370346069336e-01,9.821012616157531738e-01,-2.442153930664062500e+00,3.505179658532142639e-02,-6.207722052931785583e-02,-4.913909137248992920e-01,2.625363767147064209e-01,1.791696906089782715e+00,-1.337972998619079590e+00,4.744344651699066162e-01,5.633164048194885254e-01,3.670513927936553955e-01,-6.127191781997680664e-01,-7.694880962371826172e-01,1.264930516481399536e-01,-5.603263974189758301e-01,-9.870654344558715820e-01,1.772660374641418457e+00,2.194712124764919281e-02,-2.641434967517852783e-01,1.237769603729248047e+00,-2.208352804183959961e+00,-7.092748880386352539e-01,-1.599096536636352539e+00,4.880677759647369385e-01,2.991020679473876953e+00
-6.881855726242065430e-01,-4.571676254272460938e-01,-1.259996414184570312e+00,9.593452215194702148e-01,3.637206852436065674e-01,5.829759240150451660e-01,-6.349100172519683838e-02,8.714786767959594727e-01,5.655323266983032227e-01,-7.893679738044738770e-01,7.869946956634521484e-01,4.690321981906890869e-01,-1.822142958641052246e+00,6.012301445007324219e-01,3.748384714126586914e-01,5.183904990553855896e-02,-2.099339008331298828e+00,-7.774979472160339355e-01,2.599022984504699707e-01,1.108300566673278809e+00,1.875175356864929199e+00,-1.069153770804405212e-01,-8.484931588172912598e-01,7.852730751037597656e-01,1.347279191017150879e+00,-2.529530227184295654e-02,-6.142059564590454102e-01,2.888814546167850494e-02,-1.078226447105407715e+00,-5.296644568443298340e-01
-2.052018880844116211e+00,-7.746364474296569824e-01,6.479372382164001465e-01,1.035011887550354004e+00,-2.897053658962249756e-01,-1.426995277404785156e+00,-1.910546869039535522e-01,-4.107100069522857666e-01,1.343883723020553589e-01,-9.602834582328796387e-01,7.037885189056396484e-01,-1.121270298957824707e+00,2.872889637947082520e-01,-1.377684921026229858e-01,-4.329639375209808350e-01,3.242032825946807861e-01,3.428484201431274414e-01,-1.473019957542419434e+00,1.733964920043945312e+00,-1.284309864044189453e+00,6.551457643508911133e-01,-5.818516016006469727e-01,3.065685629844665527e-01,2.112924009561538696e-01,-3.660919889807701111e-02,-9.591156244277954102e-02,-1.938169956207275391e+00,-1.977352350950241089e-01,-2.689001858234405518e-01,1.006517887115478516e+00
-2.392009735107421875e+00,4.299131035804748535e-01,-2.900338649749755859e+00,-9.237230420112609863e-01,9.162133932113647461e-01,1.723379492759704590e+00,-3.262090384960174561e-01,-2.274149954319000244e-01,2.203052043914794922e-01,-2.290033847093582153e-01,4.443098306655883789e-01,6.058148741722106934e-01,3.470943272113800049e-01,1.712509036064147949e+00,1.514855325222015381e-01,-1.997125029563903809e+00,-1.157413959503173828e+00,-1.189129233360290527e+00,-8.574734926223754883e-01,-8.240127563476562500e-01,-6.781300902366638184e-01,-1.944365650415420532e-01,-2.999419569969177246e-01,-5.894652605056762695e-01,9.205506443977355957e-01,9.859731197357177734e-01,1.015195250511169434e-01,-4.559155404567718506e-01,-6.162355542182922363e-01,6.947644948959350586e-01
3.159562051296234131e-01,1.396358251571655273e+00,-5.824004411697387695e-01,1.253976672887802124e-01,-2.166289567947387695e+00,-1.949527502059936523e+00,5.212050676345825195e-01,-8.498072028160095215e-01,6.048474907875061035e-01,8.882896602153778076e-02,-4.189868569374084473e-01,-1.168641567230224609e+00,2.183372735977172852e+00,-7.606428861618041992e-01,5.928047895431518555e-01,-2.059293985366821289e-01,-6.792235970497131348e-01,-1.641304731369018555e+00,-7.424456626176834106e-02,2.896203696727752686e-01,-2.459625482559204102e+00,3.481191694736480713e-01,-4.531003832817077637e-01,-1.752189248800277710e-01,1.268122673034667969e+00,-6.819257140159606934e-01,8.743169903755187988e-02,-6.115571856498718262e-01,7.315309643745422363e-01,5.389587208628654480e-02
1.688076257705688477e+00,-2.125784873962402344e+00,5.532833337783813477e-01,-4.813614785671234131e-01,-5.787681937217712402e-01,1.382357716560363770e+00,-1.563108801841735840e+00,2.205597400665283203e+00,-1.311912178993225098e+00,-1.331923753023147583e-01,-5.896556377410888672e-01,1.119745135307312012e+00,4.136711359024047852e-01,-2.796435952186584473e-01,-8.082696199417114258e-01,-1.499445438385009766e+00,-9.594660401344299316e-01,2.299209982156753540e-01,-2.097286731004714966e-01,1.127013444900512695e+00,-8.933449983596801758e-01,1.491269588470458984e+00,-1.878055334091186523e-01,3.543685749173164368e-02,5.856937766075134277e-01,4.421882331371307373e-01,2.066970109939575195e+00,6.103129982948303223e-01,-1.455301165580749512e+00,1.290418982505798340e+00
-1.076113224029541016e+00,7.660923898220062256e-02,-4.671684801578521729e-01,-5.891842246055603027e-01,6.465308070182800293e-01,-6.186557412147521973e-01,1.769753098487854004e+00,1.458765625953674316e+00,-7.302209734916687012e-01,-1.061065196990966797e+00,-2.888534963130950928e-01,1.859372973442077637e+00,-9.020206332206726074e-01,-3.161905288696289062e+00,4.560293853282928467e-01,3.389107286930084229e-01,1.042790532112121582e+00,4.606677293777465820e-01,8.032394051551818848e-01,-1.886181682348251343e-01,1.072508215904235840e+00,-1.629390865564346313e-01,1.092409849166870117e+00,1.181580424308776855e+00,-1.414721727371215820e+00,1.037848114967346191e+00,-6.453083753585815430e-01,7.666274905204772949e-01,-6.872203350067138672e-01,-9.785406589508056641e-01
-3.013204813003540039e+00,1.106671929359436035e+00,-1.959040611982345581e-01,1.882694065570831299e-01,6.833211332559585571e-02,-6.470857262611389160e-01,1.659580767154693604e-01,1.206236004829406738e+00,-2.213262617588043213e-01,-3.189669549465179443e-01,-6.603297591209411621e-01,-5.283921957015991211e-01,1.238892078399658203e+00,7.837537527084350586e-01,-1.057422757148742676e+00,-1.082054018974304199e+00,-2.042701721191406250e+00,-3.277374207973480225e-01,-8.447805047035217285e-02,-1.411258727312088013e-01,1.172644019126892090e+00,-1.591914176940917969e+00,1.264008283615112305e+00,-3.679166436195373535e-01,8.204701356589794159e-03,1.777614504098892212e-01,5.230610370635986328e-01,-2.122733741998672485e-01,2.204814366996288300e-02,1.978201568126678467e-01
-2.867030501365661621e-01,4.246795177459716797e-01,-4.819550216197967529e-01,1.103184103965759277e+00,-1.616036444902420044e-01,1.917908340692520142e-01,1.405826807022094727e-01,7.834219932556152344e-01,6.999015063047409058e-02,-8.017902374267578125e-01,4.874431062489748001e-03,-1.043358087539672852e+00,-1.018472909927368164e+00,-1.108710885047912598e+00,3.131398931145668030e-02,1.462697029113769531e+00,-4.612644910812377930e-01,6.629084348678588867e-01,1.713345348834991455e-01,4.088689684867858887e-01,1.829008199274539948e-02,-8.892641663551330566e-01,1.641011536121368408e-01,-2.240574359893798828e-02,-4.526460468769073486e-01,-2.545115053653717041e-01,1.954387724399566650e-01,-1.426452279090881348e+00,2.181178033351898193e-01,-1.825485229492187500e-01
4.240199029445648193e-01,1.100804209709167480e+00,-7.588725537061691284e-02,4.813929200172424316e-01,-8.218619227409362793e-01,-1.130658388137817383e+00,8.554260730743408203e-01,8.715415000915527344e-01,-1.544067561626434326e-01,-4.124465882778167725e-01,1.344221830368041992e+00,5.871256589889526367e-01,-2.150941491127014160e-01,-5.928139686584472656e-01,-1.523890018463134766e+00,-3.624209463596343994e-01,-8.649880290031433105e-01,1.634934186935424805e+00,-7.135533690452575684e-01,2.831665277481079102e-01,-7.958318591117858887e-01,-8.742460012435913086e-01,-5.714807510375976562e-01,-1.586592912673950195e+00,1.124294877052307129e+00,-3.484923839569091797e-01,-8.327856063842773438e-01,2.258324623107910156e+00,1.418284893035888672e+00,1.815195083618164062e-01
1.480098128318786621e+00,2.719778418540954590e-01,-1.657660126686096191e+00,4.463176727294921875e-01,-1.088472843170166016e+00,1.714667379856109619e-01,-1.136618256568908691e+00,4.192209541797637939e-01,1.608246207237243652e+00,-7.947689890861511230e-01,-8.320710659027099609e-01,8.911991119384765625e-01,-5.420351028442382812e-01,-3.881711885333061218e-02,-1.629661440849304199e+00,-5.297515541315078735e-02,7.944014072418212891e-01,-5.964441299438476562e-01,-1.553255915641784668e-01,-1.874471783638000488e+00,-1.408771723508834839e-01,1.046907663345336914e+00,-9.181197881698608398e-01,-5.226453542709350586e-01,8.493265509605407715e-02,1.238452717661857605e-01,1.359494328498840332e+00,-2.313632071018218994e-01,2.912262082099914551e-01,-3.374055624008178711e-01
2.214094161987304688e+00,1.159286022186279297e+00,1.596493482589721680e+00,-2.543745636940002441e-01,-8.928610384464263916e-02,-6.174962520599365234e-01,-1.666360616683959961e+00,6.774229407310485840e-01,-8.213761448860168457e-01,4.771122708916664124e-02,8.985753059387207031e-01,9.307796359062194824e-01,1.008040383458137512e-01,-1.295361638069152832e+00,-6.480834633111953735e-02,3.444221019744873047e-01,-1.515599250793457031e+00,-8.407258987426757812e-02,-6.045453548431396484e-01,5.529533624649047852e-01,-1.404303908348083496e-01,9.481228590011596680e-01,-2.061890363693237305e+00,1.318047881126403809e+00,1.877754807472229004e+00,1.155402183532714844e+00,1.347161054611206055e+00,-1.065048694610595703e+00,2.035394668579101562e+00,8.411079049110412598e-01
1.658541917800903320e+00,1.424787044525146484e+00,4.229001402854919434e-01,7.322730422019958496e-01,-8.152475953102111816e-01,-1.083457946777343750e+00,-2.337397038936614990e-01,1.177856326103210449e+00,-6.398299932479858398e-01,2.087294101715087891e+00,6.131927967071533203e-01,2.332861185073852539e+00,6.143307685852050781e-01,1.043016076087951660e+00,2.623153030872344971e-01,-4.315955042839050293e-01,5.942820906639099121e-01,-1.400736451148986816e+00,-1.495294690132141113e+00,1.121016621589660645e+00,-4.016853570938110352e-01,1.078147888183593750e+00,1.399003267288208008e+00,-1.234745979309082031e+00,-2.540006339550018311e-01,2.806786000728607178e-01,3.300024867057800293e-01,1.920834064483642578e+00,3.011829853057861328e+00,-1.698621392250061035e+00
-4.438389837741851807e-01,-1.112967014312744141e+00,6.378158926963806152e-01,-1.268830060958862305e+00,-1.425172090530395508e+00,-1.848808288574218750e+00,-9.074354171752929688e-02,-1.750486493110656738e-01,1.923028945922851562e+00,2.812272608280181885e-01,-1.240879416465759277e+00,8.039192557334899902e-01,7.497920393943786621e-01,8.945677876472473145e-01,-1.342770576477050781e+00,1.878070950508117676e+00,1.064903020858764648e+00,1.235479354858398438e+00,1.159932494163513184e+00,1.769368171691894531e+00,1.062608718872070312e+00,5.537295937538146973e-01,1.061470985412597656e+00,-1.668331742286682129e+00,-6.336287856101989746e-01,-2.061625242233276367e+00,3.212851937860250473e-03,7.618464827537536621e-01,6.549255251884460449e-01,-1.743926048278808594e+00
-1.752826690673828125e+00,4.061791580170392990e-03,-1.461337447166442871e+00,1.265773534774780273e+00,-1.434430956840515137e+00,-1.049512922763824463e-01,-4.622480571269989014e-01,-9.957383871078491211e-01,-1.831858396530151367e+00,-1.396448314189910889e-01,9.943680167198181152e-01,-8.898743391036987305e-01,1.158343672752380371e+00,-4.311146736145019531e-01,-2.176607131958007812e+00,3.386513590812683105e-01,-1.311704635620117188e+00,-9.177783727645874023e-01,2.145921885967254639e-01,1.420220255851745605e+00,5.755259990692138672e-01,1.115620374679565430e+00,-3.899420201778411865e-01,-6.656162440776824951e-02,-9.484550952911376953e-01,1.671961903572082520e+00,2.730876505374908447e-01,-8.593767285346984863e-01,-5.650602579116821289e-01,-1.143251061439514160e-01
-8.164574503898620605e-01,8.313969969749450684e-01,-5.019687414169311523e-01,-1.567672252655029297e+00,1.899435162544250488e+00,3.658223450183868408e-01,-1.014771819114685059e+00,1.463366627693176270e+00,3.074693679809570312e-01,4.238683283329010010e-01,-1.013727188110351562e+00,5.044687986373901367e-01,8.201503753662109375e-01,-2.456745058298110962e-01,-5.567229390144348145e-01,-2.472136974334716797e+00,7.182654738426208496e-01,4.691927433013916016e-01,1.213023543357849121e+00,-5.510509014129638672e-01,-4.283284842967987061e-01,3.296503126621246338e-01,2.082298398017883301e-01,1.273411035537719727e+00,-1.223080873489379883e+00,6.343124508857727051e-01,-7.091849446296691895e-01,1.354998499155044556e-01,6.577218770980834961e-01,2.412184476852416992e-01
2.419597864151000977e+00,1.272899985313415527e+00,1.554980874061584473e+00,6.574480533599853516e-01,-1.712039858102798462e-01,-1.436251103878021240e-01,-8.894929289817810059e-01,2.129988223314285278e-01,1.381513714790344238e+00,-8.293137550354003906e-01,6.510347127914428711e-02,-6.219477057456970215e-01,7.221419811248779297e-01,8.443158268928527832e-01,-2.833732962608337402e-01,8.428882360458374023e-01,1.115462779998779297e+00,6.862704753875732422e-01,-1.200879812240600586e+00,5.470474362373352051e-01,-3.074828088283538818e-01,-5.058750510215759277e-02,1.466952323913574219e+00,-4.421025514602661133e-01,6.654848456382751465e-01,-4.872124791145324707e-01,6.091058850288391113e-01,-4.334408342838287354e-01,-6.116337776184082031e-01,-3.409703820943832397e-02
1.297150373458862305e+00,2.117294818162918091e-01,-5.631129145622253418e-01,-5.591440796852111816e-01,-4.293018579483032227e-02,9.266840815544128418e-01,1.005190491676330566e+00,3.537369966506958008e-01,-2.225843667984008789e-01,-1.099049374461174011e-01,-6.499791145324707031e-01,-1.418417572975158691e+00,-1.070935726165771484e+00,3.291322290897369385e-01,-1.049351170659065247e-01,-4.369847476482391357e-02,-6.268101334571838379e-01,-7.336647510528564453e-01,-9.910143017768859863e-01,5.117185115814208984e-01,-4.378429353237152100e-01,-1.668860912322998047e+00,-3.440994620323181152e-01,1.349908947944641113e+00,2.351618051528930664e+00,1.412187457084655762e+00,1.640100955963134766e+00,-4.409386813640594482e-01,-1.944038867950439453e-01,-2.739458680152893066e-01
1.464245676994323730e+00,-5.781117677688598633e-01,-1.712057471275329590e+00,3.081751167774200439e-01,9.555963277816772461e-01,1.507701754570007324e+00,6.320964694023132324e-01,1.742563396692276001e-01,-2.770438194274902344e-01,4.870703443884849548e-02,1.631410717964172363e+00,1.348697900772094727e+00,4.561710655689239502e-01,9.130865931510925293e-01,1.513777673244476318e-01,7.399654388427734375e-01,1.618836641311645508e+00,4.036560654640197754e-01,-4.995682239532470703e-01,6.120104789733886719e-01,1.010928869247436523e+00,6.576473116874694824e-01,2.341011315584182739e-01,-1.024239420890808105e+00,-4.690416455268859863e-01,1.707957029342651367e+00,1.394414782524108887e+00,1.951931238174438477e+00,-1.052443861961364746e+00,4.414769634604454041e-02
-1.564681291580200195e+00,-5.499864220619201660e-01,1.661472022533416748e-01,-9.947290271520614624e-02,-3.029500246047973633e-01,-8.156134188175201416e-02,3.108848929405212402e-01,1.111291766166687012e+00,1.707481980323791504e+00,9.697666168212890625e-01,7.379761934280395508e-01,4.232424199581146240e-01,6.775406599044799805e-01,1.815271258354187012e+00,-1.558581590652465820e-01,-3.054495453834533691e-01,2.430861234664916992e+00,1.748084783554077148e+00,1.887214779853820801e-01,4.409008622169494629e-01,1.884597092866897583e-01,-9.892615079879760742e-01,-2.497347593307495117e-01,-1.800765395164489746e-01,-7.099385857582092285e-01,-4.191489517688751221e-01,-1.766018390655517578e+00,-2.785154283046722412e-01,-1.714074254035949707e+00,-7.941323518753051758e-01
-5.396350622177124023e-01,7.106245756149291992e-01,-1.464512586593627930e+00,-1.177641868591308594e+00,-1.377704858779907227e+00,-3.879978656768798828e-01,2.151009142398834229e-01,2.717331647872924805e-01,3.005298376083374023e-01,4.496371746063232422e-01,2.116894125938415527e-01,-1.006849169731140137e+00,2.130216062068939209e-01,7.300398349761962891e-01,-1.054848194122314453e+00,-7.766147255897521973e-01,1.413448303937911987e-01,2.312935292720794678e-01,3.461996018886566162e-01,-8.809868693351745605e-01,-3.460423052310943604e-01,4.195467233657836914e-01,-3.609086573123931885e-01,-1.603158190846443176e-02,-1.320823073387145996e+00,-6.065222620964050293e-01,1.416963338851928711e-02,1.466799527406692505e-02,3.895779252052307129e-01,-1.253950238227844238e+00
1.084204673767089844e+00,1.115208864212036133e+00,9.500122070312500000e-01,-3.050718069076538086e+00,1.041878581047058105e+00,-1.562525153160095215e+00,-6.020880490541458130e-02,1.974793374538421631e-01,-2.945733964443206787e-01,-8.094555735588073730e-01,-3.021097183227539062e+00,3.558885753154754639e-01,1.639915227890014648e+00,-1.989321410655975342e-01,-2.806098759174346924e-01,-2.127248048782348633e+00,-1.057611942291259766e+00,-3.453568220138549805e-01,-1.289733052253723145e+00,6.407926678657531738e-01,1.560905456542968750e+00,1.091234326362609863e+00,1.894999861717224121e+00,-9.438592791557312012e-01,-3.289590477943420410e-01,1.512063026428222656e+00,-1.209462642669677734e+00,-9.313390254974365234e-01,-9.687376618385314941e-01,3.103425979614257812e+00
7.546823620796203613e-01,7.878338098526000977e-01,8.679046630859375000e-01,4.891658425331115723e-01,-3.673908710479736328e-01,2.141541838645935059e-01,-1.508433818817138672e+00,-3.556115031242370605e-01,-7.080829143524169922e-01,5.846748501062393188e-02,-3.262479901313781738e-01,1.034232020378112793e+00,-1.418751627206802368e-01,-9.098755121231079102e-01,1.198621511459350586e+00,1.039002418518066406e+00,7.938054041005671024e-04,7.302258014678955078e-01,-1.637979030609130859e+00,4.398330152034759521e-01,-4.587315320968627930e-01,-9.303719401359558105e-01,-5.803607106208801270e-01,-9.312977790832519531e-01,-2.523820161819458008e+00,-1.199813246726989746e+00,-2.272150516510009766e-01,3.595931231975555420e-01,9.623546004295349121e-01,-9.108186364173889160e-01
2.720063924789428711e-01,9.286592602729797363e-01,1.499668836593627930e+00,-1.685360431671142578e+00,-1.059436053037643433e-01,-1.162868618965148926e+00,-1.042085766792297363e+00,-1.078630089759826660e+00,1.283571362495422363e+00,-1.351831197738647461e+00,-5.007726550102233887e-01,1.377896189689636230e+00,5.823256373405456543e-01,-1.159967333078384399e-01,-5.612965226173400879e-01,-1.105996131896972656e+00,8.646507859230041504e-01,-1.656059771776199341e-01,5.752482414245605469e-01,1.615160107612609863e+00,1.285603523254394531e+00,-2.024385690689086914e+00,-6.297529339790344238e-01,-1.252389192581176758e+00,-1.493162751197814941e+00,-2.196300923824310303e-01,-5.885377526283264160e-01,-8.108543753623962402e-01,5.682910084724426270e-01,-2.742446064949035645e-01
-6.489353179931640625e-01,-2.294950723648071289e+00,-5.118288397789001465e-01,1.595844328403472900e-01,1.384183645248413086e+00,-8.812483549118041992e-01,4.598757028579711914e-01,1.119151949882507324e+00,1.700546145439147949e-01,-1.031415224075317383e+00,-7.727950811386108398e-01,-4.004306197166442871e-01,1.442756533622741699e+00,-4.205033779144287109e-01,-1.110318303108215332e+00,1.539858132600784302e-01,1.541523218154907227e+00,-1.369269043207168579e-01,7.401204705238342285e-01,-1.254223704338073730e+00,-3.959411680698394775e-01,5.350108742713928223e-01,6.030568480491638184e-01,1.398624300956726074e+00,3.152574896812438965e-01,-8.065840601921081543e-01,1.652207374572753906e-01,2.186302423477172852e+00,8.714492321014404297e-01,-6.538045406341552734e-02
1.660636425018310547e+00,-1.129574179649353027e+00,-4.720600247383117676e-01,9.617349505424499512e-01,2.117886394262313843e-01,-2.264551162719726562e+00,1.386895298957824707e+00,2.663035690784454346e-01,-1.004091978073120117e+00,9.439283013343811035e-01,-1.328030824661254883e+00,1.212514638900756836e+00,-6.706343293190002441e-01,-1.041648983955383301e+00,-5.310319662094116211e-01,-5.571594834327697754e-01,1.764096379280090332e+00,-1.290374994277954102e-01,1.574494600296020508e+00,3.896289467811584473e-01,-1.699692606925964355e-01,6.061136722564697266e-01,8.923583626747131348e-01,-2.002616375684738159e-01,-4.758961498737335205e-01,-1.205163478851318359e+00,9.412765502929687500e-01,-9.290030598640441895e-01,1.586064457893371582e+00,1.226247325539588928e-01
-4.662702381610870361e-01,-1.259868264198303223e+00,-5.817134380340576172e-01,1.558461636304855347e-01,7.351180166006088257e-02,4.707298874855041504e-01,-7.279447317123413086e-01,-2.676917314529418945e-01,-5.529407858848571777e-01,8.458126187324523926e-01,-7.375204563140869141e-01,1.788836598396301270e+00,9.114632606506347656e-01,-4.036682844161987305e-01,-2.714317142963409424e-01,4.848710596561431885e-01,1.680046677589416504e+00,-1.094465255737304688e+00,-7.067102789878845215e-01,1.825313687324523926e+00,-5.601267218589782715e-01,-1.033361911773681641e+00,1.321734547615051270e+00,-9.789417386054992676e-01,4.368630945682525635e-01,1.114521980285644531e+00,4.793731272220611572e-01,1.371378302574157715e-01,-1.234669804573059082e+00,6.297906637191772461e-01
1.335288882255554199e+00,1.016574978828430176e+00,3.894035816192626953e-01,-1.075190305709838867e+00,9.727028012275695801e-01,-8.562064170837402344e-01,-1.116416573524475098e+00,7.247881293296813965e-01,-1.005410909652709961e+00,8.750772476196289062e-01,4.889115989208221436e-01,3.179795145988464355e-01,-1.246223449707031250e+00,1.404343962669372559e+00,6.583337783813476562e-01,-4.084299802780151367e-01,-3.924620747566223145e-01,1.569573283195495605e-01,1.466773152351379395e+00,-5.929583311080932617e-02,6.836890578269958496e-01,2.407934188842773438e+00,-4.332250654697418213e-01,9.908564686775207520e-01,-1.976733505725860596e-01,7.441117763519287109e-01,1.022340416908264160e+00,4.373378760647028685e-04,2.453359961509704590e-02,9.061766266822814941e-01
1.503555417060852051e+00,-2.380972385406494141e+00,1.098196864128112793e+00,2.609048187732696533e-01,3.072329759597778320e-01,1.606422185897827148e+00,-7.234354019165039062e-01,-3.323751688003540039e-01,-1.709869146347045898e+00,-1.278180837631225586e+00,-8.564826250076293945e-01,-1.258676290512084961e+00,1.289379358291625977e+00,-1.429960370063781738e+00,4.975534975528717041e-01,-3.332995772361755371e-01,3.804962337017059326e-01,-1.168507218360900879e+00,5.518590807914733887e-01,-8.395665287971496582e-01,-2.308528572320938110e-01,1.993952393531799316e-01,7.346339821815490723e-01,1.170707464218139648e+00,1.524956464767456055e+00,-6.059961915016174316e-01,1.379048943519592285e+00,-1.709082275629043579e-01,-1.274695873260498047e+00,-1.077314376831054688e+00
1.739995598793029785e+00,4.216268956661224365e-01,5.464263558387756348e-01,1.795716524124145508e+00,3.085591495037078857e-01,-7.944837808609008789e-01,-1.016574382781982422e+00,-9.143970906734466553e-02,-2.551630496978759766e+00,3.319320678710937500e-01,-6.415479183197021484e-01,8.834295868873596191e-01,7.992070317268371582e-01,3.616352081298828125e-01,5.729126930236816406e-01,1.358066916465759277e+00,-1.399002373218536377e-01,-2.705330252647399902e-01,3.949855566024780273e-01,-8.267395496368408203e-01,1.573706604540348053e-02,9.531283378601074219e-01,-9.607719779014587402e-01,-1.308759689331054688e+00,6.384704709053039551e-01,7.016978859901428223e-01,-4.648313522338867188e-01,2.792147696018218994e-01,1.752093620598316193e-02,2.063538134098052979e-01
6.415249705314636230e-01,-2.069061249494552612e-01,6.491904258728027344e-01,-3.009690284729003906e+00,-2.651135027408599854e-01,-1.250428333878517151e-02,5.182669758796691895e-01,-1.011077165603637695e-01,2.461048603057861328e+00,-3.331737965345382690e-02,9.757509082555770874e-02,2.046551465988159180e+00,1.331288456916809082e+00,1.529840379953384399e-01,1.421560406684875488e+00,-5.360875725746154785e-01,2.179360240697860718e-01,-7.241633534431457520e-01,-1.227586627006530762e+00,-1.235481381416320801e+00,3.738259673118591309e-01,-6.635982990264892578e-01,-1.797142744064331055e+00,1.220687747001647949e+00,-2.379519462585449219e+00,-2.183016687631607056e-01,7.523672580718994141e-01,-2.091612666845321655e-01,-8.829357028007507324e-01,-8.273794651031494141e-01
1.466668486595153809e+00,1.351551055908203125e+00,-1.362095952033996582e+00,-1.367655158042907715e+00,6.732398178428411484e-03,2.619963884353637695e-01,-4.856552183628082275e-01,-3.220919609069824219e+00,2.979709804058074951e-01,1.285206317901611328e+00,3.252836763858795166e-01,-6.005137562751770020e-01,1.286212325096130371e+00,3.388923704624176025e-01,1.860265880823135376e-01,1.490328192710876465e+00,-1.100209474563598633e+00,-6.060894131660461426e-01,-8.073673248291015625e-01,-1.733226418495178223e+00,7.133989036083221436e-02,-3.409792780876159668e-01,2.186881564557552338e-02,-3.212124109268188477e-01,5.010234937071800232e-02,-1.485229611396789551e+00,1.873445272445678711e+00,-1.516831159591674805e+00,-1.445190459489822388e-01,-1.164734140038490295e-01
4.733718037605285645e-01,-2.073531448841094971e-01,-3.066790997982025146e-01,1.018534675240516663e-01,1.047613739967346191e+00,5.273046493530273438e-01,-5.843157172203063965e-01,4.084254801273345947e-02,9.466412663459777832e-02,1.852466017007827759e-01,1.461643934249877930e+00,6.685644388198852539e-01,1.911376357078552246e+00,9.235436916351318359e-01,-6.656178832054138184e-01,-8.181425929069519043e-01,-3.793873786926269531e-01,6.828680038452148438e-01,1.340584635734558105e+00,-3.113704323768615723e-01,-3.696599006652832031e-01,-3.672323226928710938e-01,-1.261860609054565430e+00,-1.578241944313049316e+00,-8.114824295043945312e-01,-8.769568055868148804e-03,1.344754099845886230e+00,-4.834083318710327148e-01,-6.004027277231216431e-02,3.665287494659423828e-01
5.890141129493713379e-01,1.129168629646301270e+00,8.541955351829528809e-01,1.507097363471984863e+00,6.821619272232055664e-01,1.012380719184875488e+00,-7.786561250686645508e-01,-2.503194808959960938e-01,1.265240430831909180e+00,-9.842212796211242676e-01,-3.143125772476196289e-01,8.043729662895202637e-01,-5.835143327713012695e-01,1.471325039863586426e+00,-2.417455017566680908e-01,5.990277528762817383e-01,6.014220118522644043e-01,1.377113461494445801e+00,-1.307140588760375977e+00,-5.810694098472595215e-01,1.294077277183532715e+00,-7.417818307876586914e-01,-2.321867495775222778e-01,-1.153386712074279785e+00,3.983197212219238281e-01,-4.455049633979797363e-01,-4.881444871425628662e-01,-1.415181159973144531e-01,2.838851809501647949e-01,-1.436232328414916992e+00
-1.077669143676757812e+00,4.450125098228454590e-01,2.001478224992752075e-01,5.009412765502929688e-01,7.991745471954345703e-01,-5.278689861297607422e-01,-7.510562986135482788e-02,8.448307514190673828e-01,-1.128941059112548828e+00,3.018576204776763916e-01,-2.039456129074096680e+00,-9.825057983398437500e-01,-4.441461265087127686e-01,2.949566543102264404e-01,-1.609521985054016113e+00,3.509754836559295654e-01,-5.623933672904968262e-01,1.466503858566284180e+00,-6.884890794754028320e-01,2.585109174251556396e-01,-4.466694295406341553e-01,2.662235498428344727e-01,2.395742088556289673e-01,-7.292506694793701172e-01,-1.790441036224365234e+00,5.228693485260009766e-01,-7.992157936096191406e-01,1.705068647861480713e-01,4.960819184780120850e-01,-8.422599434852600098e-01
2.698870375752449036e-02,9.190448522567749023e-01,-1.161079168319702148e+00,-1.821141958236694336e+00,-3.067818284034729004e-01,1.190775156021118164e+00,5.587832331657409668e-01,1.008471131324768066e+00,2.410420179367065430e+00,5.915453433990478516e-01,-4.067844450473785400e-01,1.190567731857299805e+00,2.870398461818695068e-01,6.342041492462158203e-01,1.029839515686035156e+00,-1.289416074752807617e+00,4.334175884723663330e-01,5.760446190834045410e-01,2.657005004584789276e-02,7.433756440877914429e-02,-1.868588328361511230e+00,5.744940042495727539e-01,-6.879953742027282715e-01,-3.567768037319183350e-01,5.553444847464561462e-02,-5.500846505165100098e-01,-2.059216737747192383e+00,5.613052248954772949e-01,-2.330939769744873047e-01,-3.120300471782684326e-01
4.310847222805023193e-01,1.579898357391357422e+00,-5.084918737411499023e-01,1.087939739227294922e+00,-2.820959806442260742e+00,1.260559819638729095e-02,2.353436470031738281e+00,1.563655585050582886e-01,-1.192811056971549988e-01,-4.291057586669921875e-01,-6.856622546911239624e-02,2.866722583770751953e+00,-2.751870155334472656e-01,4.781939089298248291e-01,1.223894119262695312e+00,-2.570770382881164551e-01,-9.878626465797424316e-01,2.109955251216888428e-01,-7.197065949440002441e-01,-1.591296941041946411e-01,-1.050536036491394043e+00,3.471755504608154297e+00,-1.036660552024841309e+00,5.035653710365295410e-01,5.365842580795288086e-01,-4.600965976715087891e-01,5.259346365928649902e-01,9.997820854187011719e-01,7.046995162963867188e-01,-4.503439366817474365e-01
-2.215144336223602295e-01,-1.012154221534729004e+00,1.039688467979431152e+00,1.725751906633377075e-01,9.036855697631835938e-01,-1.170268654823303223e-01,-4.128442108631134033e-01,8.941204547882080078e-01,5.071389675140380859e-01,5.988830327987670898e-01,-1.235370635986328125e+00,6.897162795066833496e-01,5.878820419311523438e-01,5.699597001075744629e-01,-2.188976049423217773e+00,-1.824091315269470215e+00,-1.143347620964050293e+00,-4.015817940235137939e-01,6.936389952898025513e-02,1.099719524383544922e+00,-3.938015103340148926e-01,-3.940120339393615723e-01,1.222217917442321777e+00,7.561798095703125000e-01,1.732795834541320801e-01,-4.572852253913879395e-01,-1.694663465023040771e-01,-1.846121430397033691e+00,1.979489922523498535e-01,-9.785661846399307251e-02
-4.324576258659362793e-01,-4.825273156166076660e-01,1.757032871246337891e+00,-5.353627800941467285e-01,1.237153410911560059e+00,1.537693142890930176e+00,4.000694751739501953e-01,-8.489807248115539551e-01,7.602459788322448730e-01,-2.308411002159118652e-01,6.753920912742614746e-01,-1.953204274177551270e-01,-2.068921566009521484e+00,5.410965085029602051e-01,5.351721644401550293e-01,7.463228702545166016e-01,-3.547766804695129395e-01,-4.820670783519744873e-01,8.559719324111938477e-01,-6.981008052825927734e-01,-4.876321256160736084e-01,1.889515638351440430e+00,-4.893581569194793701e-02,8.356821537017822266e-01,6.214476376771926880e-02,-1.815676391124725342e-01,-8.700406551361083984e-01,-3.481163084506988525e-01,1.231597781181335449e+00,-1.480764389038085938e+00
-2.966395854949951172e+00,-3.221492469310760498e-02,-9.747306704521179199e-01,-3.263438344001770020e-01,-1.088300272822380066e-01,1.760173439979553223e+00,4.449236094951629639e-01,2.525726556777954102e-01,-6.717509627342224121e-01,2.262294530868530273e+00,-8.689430356025695801e-01,1.140513300895690918e+00,7.160488963127136230e-01,4.867913722991943359e-01,-5.349608659744262695e-01,-4.120528399944305420e-01,-1.286175847053527832e-01,4.911751151084899902e-01,-6.896225214004516602e-01,1.488572120666503906e+00,-6.453832983970642090e-01,-7.992733120918273926e-01,8.430249691009521484e-01,1.042966619133949280e-01,-9.552253484725952148e-01,1.453467249870300293e+00,5.229474306106567383e-01,-4.180845618247985840e-01,3.195258975028991699e-01,-9.210674166679382324e-01
-1.603234529495239258e+00,-1.794836372137069702e-01,1.352470219135284424e-01,1.487361073493957520e+00,5.023781061172485352e-01,7.489965558052062988e-01,-4.286909997463226318e-01,1.336222767829895020e+00,-8.806658387184143066e-01,6.352727413177490234e-01,-1.041126489639282227e+00,1.894418001174926758e+00,2.233452081680297852e+00,4.891404807567596436e-01,-1.183493971824645996e+00,2.941460348665714264e-02,9.443864226341247559e-01,1.592374682426452637e+00,-4.158296287059783936e-01,-1.025188326835632324e+00,1.060192808508872986e-01,5.441226959228515625e-01,1.904665946960449219e+00,-1.664012111723423004e-02,7.354350686073303223e-01,5.501959919929504395e-01,3.061323463916778564e-01,1.336832046508789062e+00,5.339253544807434082e-01,1.596417069435119629e+00
-3.048488199710845947e-01,3.618739843368530273e-01,2.998167872428894043e-01,1.455866694450378418e+00,-1.098024487495422363e+00,9.130180478096008301e-01,8.277441859245300293e-01,-1.006759166717529297e+00,-1.264131307601928711e+00,-1.017462491989135742e+00,1.368962079286575317e-01,-5.654639601707458496e-01,-1.078375935554504395e+00,-2.878282368183135986e-01,2.679184675216674805e+00,2.386542111635208130e-01,-1.553980827331542969e+00,-4.325747787952423096e-01,1.231018185615539551e+00,-2.755148410797119141e-01,6.324439644813537598e-01,-7.462204694747924805e-01,-1.690960288047790527e+00,-3.679375350475311279e-01,-1.114031225442886353e-01,5.394498705863952637e-01,1.595139980316162109e+00,4.313983023166656494e-01,3.815404772758483887e-01,-6.854485273361206055e-01
-7.138453423976898193e-02,-1.761010885238647461e+00,3.371261358261108398e-01,-1.784033775329589844e+00,3.563373908400535583e-02,1.216645121574401855e+00,-5.186095237731933594e-01,2.213347554206848145e-01,8.799760937690734863e-01,2.262647390365600586e+00,-1.163934826850891113e+00,-5.109737515449523926e-01,-4.189970344305038452e-02,1.099333047866821289e+00,7.649258524179458618e-02,1.135821700096130371e+00,9.025296568870544434e-01,3.316794633865356445e-01,1.147311210632324219e+00,-1.099296212196350098e+00,1.086671710014343262e+00,1.181823611259460449e+00,1.156556725502014160e+00,1.047127842903137207e-01,2.848017588257789612e-02,2.843472361564636230e-01,-1.376121997833251953e+00,1.710152864456176758e+00,5.249300599098205566e-01,-4.409441351890563965e-01
-6.542404890060424805e-01,5.160878896713256836e-01,1.935271918773651123e-02,9.598833322525024414e-01,3.103929162025451660e-01,1.828351020812988281e+00,5.366654992103576660e-01,2.711638808250427246e-01,-2.294427901506423950e-01,-2.173049926757812500e+00,-5.391978621482849121e-01,-1.039252877235412598e+00,9.700224399566650391e-01,-7.328233122825622559e-01,6.267204880714416504e-03,3.383340537548065186e-01,-1.528650403022766113e+00,3.783146440982818604e-01,4.088330864906311035e-01,1.098703145980834961e+00,7.277927398681640625e-01,1.594842970371246338e-01,7.534843683242797852e-01,-8.912985324859619141e-01,-7.985005974769592285e-01,5.495828390121459961e-01,5.057731866836547852e-01,5.571883320808410645e-01,1.322151571512222290e-01,6.858484148979187012e-01
-2.323938131332397461e+00,3.294593691825866699e-01,-5.183131694793701172e-01,-5.530963540077209473e-01,-8.458875417709350586e-01,-1.284876704216003418e+00,7.283194661140441895e-01,1.592475771903991699e-01,2.038651406764984131e-01,7.028660178184509277e-01,-1.583441257476806641e+00,-5.999234318733215332e-01,-2.509273886680603027e-01,7.769215106964111328e-01,6.264472007751464844e-01,-1.522438168525695801e+00,-1.550317883491516113e+00,-1.988303065299987793e-01,1.285348653793334961e+00,4.927280545234680176e-01,-1.781795471906661987e-01,1.725845932960510254e-01,3.755900561809539795e-01,-1.002310395240783691e+00,-1.406228661537170410e+00,-7.413873672485351562e-01,5.663779377937316895e-02,1.018490493297576904e-01,-1.540072917938232422e+00,4.555653929710388184e-01
-3.637677133083343506e-01,5.112932324409484863e-01,1.039557099342346191e+00,1.285020470619201660e+00,-3.455582857131958008e-01,9.818522334098815918e-01,-2.764405310153961182e-01,-1.443384051322937012e+00,1.271020054817199707e+00,3.770360052585601807e-01,-1.187023997306823730e+00,5.290642380714416504e-01,1.038469672203063965e+00,7.150820642709732056e-02,-8.670834302902221680e-01,3.296805322170257568e-01,3.234800398349761963e-01,-6.135807633399963379e-01,-4.210642874240875244e-01,4.399189651012420654e-01,5.801894664764404297e-01,-1.858901977539062500e+00,-1.791816830635070801e+00,-2.076863050460815430e+00,-1.039140939712524414e+00,-3.063008546829223633e+00,-1.605991840362548828e+00,-1.280053734779357910e+00,1.451478242874145508e+00,5.278696417808532715e-01
-1.005546450614929199e+00,1.826657652854919434e-01,2.782740294933319092e-01,1.474256038665771484e+00,1.402970790863037109e+00,-6.187879294157028198e-02,2.373535394668579102e+00,-1.265016317367553711e+00,1.161229729652404785e+00,-5.541276931762695312e-01,1.092926621437072754e+00,6.870225071907043457e-02,-5.915465950965881348e-01,3.053341507911682129e-01,-5.377312302589416504e-01,-2.101134300231933594e+00,1.447589397430419922e+00,1.042488098144531250e+00,-5.662675201892852783e-02,-1.697896718978881836e-01,1.331629753112792969e+00,1.299837946891784668e+00,1.962305545806884766e+00,1.997695565223693848e-01,-2.166766226291656494e-01,-7.378609180450439453e-01,-1.155121803283691406e+00,-2.105256557464599609e+00,1.959021836519241333e-01,2.128224521875381470e-01
-2.665058076381683350e-01,-7.335382699966430664e-01,-2.969360053539276123e-01,7.206016033887863159e-02,1.005054831504821777e+00,3.032818317413330078e+00,-2.165752410888671875e+00,-1.423094421625137329e-01,-1.824640631675720215e+00,6.342041492462158203e-01,9.564297199249267578e-01,1.020990967750549316e+00,-6.799139380455017090e-01,-1.535624623298645020e+00,-1.697637319564819336e+00,7.903845906257629395e-01,3.735093176364898682e-01,7.877011895179748535e-01,1.551076292991638184e+00,-2.184560894966125488e-01,-1.545812606811523438e+00,3.752636164426803589e-02,-9.739207029342651367e-01,-1.473769903182983398e+00,1.813451647758483887e-01,-2.663633525371551514e-01,-7.666328549385070801e-01,-4.663594365119934082e-01,-6.259589195251464844e-01,9.007480740547180176e-01
1.250904560089111328e+00,-1.236841917037963867e+00,1.261648178100585938e+00,-5.551640987396240234e-01,-1.500686556100845337e-01,3.443785011768341064e-01,2.097712159156799316e-01,-1.245666384696960449e+00,2.753247320652008057e-01,-1.096982955932617188e+00,-1.210274100303649902e+00,-1.726981699466705322e-01,-4.859455227851867676e-01,1.778703689575195312e+00,1.170560956001281738e+00,1.754342794418334961e+00,5.015203952789306641e-01,1.345862746238708496e+00,-1.502483189105987549e-01,-7.663620710372924805e-01,-8.128643035888671875e-01,-1.658154428005218506e-01,-6.112955808639526367e-01,-7.234185934066772461e-01,1.452735662460327148e-01,9.037030339241027832e-01,-1.665298819541931152e+00,6.680688858032226562e-01,-8.323695659637451172e-01,-8.940663933753967285e-02
-2.428620457649230957e-01,1.679144740104675293e+00,5.403208732604980469e-01,6.878047585487365723e-01,7.563414573669433594e-01,-3.983421027660369873e-01,4.877802729606628418e-01,-6.407199501991271973e-01,2.553332090377807617e+00,1.372295856475830078e+00,-1.949146948754787445e-02,7.835003733634948730e-01,-1.083843708038330078e-01,5.433738827705383301e-01,-1.623187184333801270e+00,-1.190408691763877869e-02,1.091390624642372131e-01,2.217436134815216064e-01,-7.670433521270751953e-01,4.034830927848815918e-01,1.202924370765686035e+00,2.743237614631652832e-01,2.373309880495071411e-01,7.059909701347351074e-01,-7.082376480102539062e-01,-1.253602862358093262e+00,2.906709313392639160e-01,1.770038723945617676e+00,1.120188474655151367e+00,-2.158603221178054810e-01
-5.498880147933959961e-01,1.221948027610778809e+00,3.640904128551483154e-01,3.020994424819946289e+00,-2.283572912216186523e+00,-2.969254255294799805e-01,-5.590691566467285156e-01,-1.596091389656066895e-01,3.288283050060272217e-01,-1.387097597122192383e+00,-4.144374430179595947e-01,9.645751714706420898e-01,-5.787960886955261230e-01,1.996298432350158691e+00,1.652368903160095215e+00,8.303314447402954102e-01,2.151076555252075195e+00,-5.158523321151733398e-01,4.365597963333129883e-01,8.881984651088714600e-02,-1.537409543991088867e+00,-1.688311621546745300e-02,-1.088082075119018555e+00,5.051115751266479492e-01,6.015070080757141113e-01,-8.080590963363647461e-01,-1.875772476196289062e+00,3.723703622817993164e-01,-9.156812429428100586e-01,5.942652821540832520e-01
4.905230551958084106e-02,1.195539832115173340e+00,1.466529667377471924e-01,2.086159706115722656e+00,1.231451183557510376e-01,-8.083072304725646973e-02,-2.565774321556091309e-01,3.283283412456512451e-01,-3.419079303741455078e+00,1.130762770771980286e-01,-7.349895238876342773e-01,1.220313087105751038e-01,1.313255548477172852e+00,2.246119678020477295e-01,4.218559265136718750e-01,-3.652110397815704346e-01,-1.567921638488769531e+00,4.674494266510009766e-02,1.008628726005554199e+00,-3.792036771774291992e-01,1.069847226142883301e+00,-1.954743862152099609e-01,1.406087279319763184e+00,1.336710691452026367e+00,-5.447260737419128418e-01,1.583581864833831787e-01,-6.387953758239746094e-01,-3.109741806983947754e-01,1.297835946083068848e+00,-8.880879282951354980e-01
2.860074043273925781e-01,-5.638305544853210449e-01,1.674358397722244263e-01,1.150582909584045410e+00,-5.552704334259033203e-01,-7.403218746185302734e-01,5.587653070688247681e-02,-8.558645248413085938e-01,-9.581354260444641113e-01,-1.184002876281738281e+00,2.907639443874359131e-01,-1.384716749191284180e+00,4.109350144863128662e-01,3.984514474868774414e-01,-2.004366159439086914e+00,-1.151309370994567871e+00,1.146046280860900879e+00,-9.028534889221191406e-01,-1.472236037254333496e+00,-1.530416727066040039e+00,7.556086778640747070e-02,-3.088152408599853516e-01,1.305555105209350586e+00,-1.162428874522447586e-02,-1.141552448272705078e+00,8.723317384719848633e-01,1.781174540519714355e-01,7.235348820686340332e-01,-6.366882920265197754e-01,-1.425296306610107422e+00
1.126467943191528320e+00,-2.093934297561645508e+00,-1.749250292778015137e+00,-3.669092059135437012e-01,8.860066533088684082e-01,8.829873800277709961e-01,1.797644615173339844e+00,-1.379223465919494629e+00,3.032077848911285400e-01,-7.603093981742858887e-01,4.780639708042144775e-01,-4.211930632591247559e-01,5.968565940856933594e-01,-7.183603048324584961e-01,-2.610404968261718750e+00,-4.177001118659973145e-02,2.927864193916320801e-01,-7.658736705780029297e-01,-4.247947633266448975e-01,2.579531073570251465e-01,-6.438511610031127930e-01,-5.744910836219787598e-01,-5.824857354164123535e-01,9.166263937950134277e-01,-2.710467018187046051e-02,7.513520717620849609e-01,-1.051684856414794922e+00,4.689717292785644531e-02,5.054057836532592773e-01,1.770212173461914062e+00
-3.988696634769439697e-02,-2.794163227081298828e-01,8.050680756568908691e-01,-3.224945664405822754e-01,3.558637201786041260e-01,1.705117940902709961e+00,8.084926009178161621e-01,3.481793403625488281e-01,-1.405819535255432129e+00,1.258998990058898926e+00,1.301650404930114746e-01,4.501737058162689209e-01,-2.786257266998291016e-01,-5.043221712112426758e-01,-1.023998633027076721e-01,1.519837260246276855e+00,3.418495059013366699e-01,-1.362706422805786133e+00,-1.428177118301391602e+00,-1.009609937667846680e+00,1.592876434326171875e+00,1.874921023845672607e-01,1.612428784370422363e+00,-2.672685980796813965e-01,6.402686834335327148e-01,-5.159163475036621094e-01,-5.449311733245849609e-01,-1.160025238990783691e+00,-5.087587237358093262e-01,-7.962627410888671875e-01
5.001539587974548340e-01,7.919259667396545410e-01,1.692273318767547607e-01,-6.219138503074645996e-01,-2.092095464468002319e-01,6.321444362401962280e-02,6.400727629661560059e-01,5.953121185302734375e-01,9.677370786666870117e-01,-7.455404400825500488e-01,-1.306691914796829224e-01,2.047543972730636597e-01,8.615445494651794434e-01,-8.601574301719665527e-01,7.126585841178894043e-01,1.495996236801147461e+00,7.482954263687133789e-01,-5.384939908981323242e-01,-1.202883794903755188e-01,2.481542974710464478e-01,-6.930933892726898193e-02,-1.797289133071899414e+00,4.372434616088867188e-01,8.314886689186096191e-01,-4.618675410747528076e-01,-3.131981492042541504e-01,1.363156288862228394e-01,-1.142928957939147949e+00,-4.635740816593170166e-01,-1.741918087005615234e+00
1.448525667190551758e+00,-1.015946388244628906e+00,-6.636779904365539551e-01,5.207904577255249023e-01,9.953232109546661377e-02,4.175544083118438721e-01,3.933082222938537598e-01,-5.380043294280767441e-03,1.585825324058532715e+00,3.067418038845062256e-01,1.535130590200424194e-01,-6.610310077667236328e-01,-7.094871997833251953e-02,7.338353246450424194e-02,-3.188233971595764160e-01,1.948833227157592773e+00,-1.145224332809448242e+00,-3.178014457225799561e-01,-1.990582644939422607e-01,-1.817459017038345337e-01,-1.646842360496520996e+00,-1.107592225074768066e+00,1.744680255651473999e-01,-4.242315292358398438e-01,2.145579159259796143e-01,6.157734990119934082e-01,-7.150423526763916016e-01,5.863176584243774414e-01,-1.815882325172424316e+00,-5.652545690536499023e-01
-4.917766749858856201e-01,9.145538806915283203e-01,1.837803795933723450e-02,1.531895756721496582e+00,-1.551045775413513184e-01,-7.568314075469970703e-01,1.616315245628356934e+00,7.361004352569580078e-01,-1.639685034751892090e+00,-4.231267869472503662e-01,2.297166436910629272e-01,4.520966708660125732e-01,-8.472880721092224121e-01,6.726146340370178223e-01,-1.404343366622924805e+00,1.109355449676513672e+00,1.940827667713165283e-01,6.900850534439086914e-01,-3.816517889499664307e-01,-9.457762837409973145e-01,-3.372916951775550842e-02,7.529782056808471680e-01,1.434020638465881348e+00,-3.609268963336944580e-01,1.385745644569396973e+00,1.237338900566101074e+00,2.278621122241020203e-02,-7.558454275131225586e-01,-2.157506793737411499e-01,-2.208972454071044922e+00
-1.853297591209411621e+00,-6.367084383964538574e-01,1.312190055847167969e+00,-8.356924057006835938e-01,1.588454246520996094e-01,-7.235801219940185547e-01,-8.240740895271301270e-01,2.858254611492156982e-01,6.561610698699951172e-01,-2.449341297149658203e+00,-6.016588211059570312e-01,4.959405958652496338e-01,-3.707231581211090088e-01,9.096772670745849609e-01,5.472006201744079590e-01,7.493936419486999512e-01,3.755506277084350586e+00,1.460582971572875977e+00,1.551067829132080078e+00,-6.695628762245178223e-01,-4.908966720104217529e-01,3.986164033412933350e-01,3.856842219829559326e-01,8.217800259590148926e-01,-4.800640344619750977e-01,-2.010873317718505859e+00,-1.291577935218811035e+00,-1.277450919151306152e-01,-1.091604948043823242e+00,5.335296392440795898e-01
4.157647490501403809e-01,1.064493536949157715e+00,1.163420006632804871e-01,2.792133986949920654e-01,9.468648433685302734e-01,2.659394145011901855e-01,-3.750881254673004150e-01,-5.506990943104028702e-03,-2.388409137725830078e+00,-5.660470202565193176e-02,-9.369912743568420410e-01,-7.320601344108581543e-01,1.434518814086914062e+00,-2.083672732114791870e-01,7.156542539596557617e-01,2.758043631911277771e-02,-7.748923897743225098e-01,-2.457624197006225586e+00,1.473329901695251465e+00,1.676959693431854248e-01,7.134355306625366211e-01,7.319680452346801758e-01,-9.658421874046325684e-01,1.247885465621948242e+00,-1.069076299667358398e+00,-4.565083980560302734e-01,8.642857670783996582e-01,-4.967083334922790527e-01,3.467933654785156250e+00,4.112888276576995850e-01
-2.357318162918090820e+00,1.563419215381145477e-02,-8.451534509658813477e-01,1.418976902961730957e+00,-5.437986254692077637e-01,-3.647857308387756348e-01,2.442435324192047119e-01,1.581169724464416504e+00,-1.055006861686706543e+00,-2.045945823192596436e-01,-5.320893526077270508e-01,-1.478661537170410156e+00,-7.792414426803588867e-01,-6.632637381553649902e-01,-8.012309074401855469e-01,1.066318061202764511e-02,-1.033122539520263672e+00,1.223993971943855286e-01,4.704217612743377686e-01,8.838921189308166504e-01,1.626603126525878906e+00,-2.232810296118259430e-02,4.415108561515808105e-01,1.412909388542175293e+00,8.098524808883666992e-01,1.337355136871337891e+00,-7.907807230949401855e-01,3.163506090641021729e-01,-1.791250824928283691e+00,-9.974142909049987793e-01
-1.719090580940246582e+00,-4.820276498794555664e-01,1.308844089508056641e-01,-6.175138354301452637e-01,-2.079572677612304688e+00,1.209701418876647949e+00,-9.580187797546386719e-01,5.208926796913146973e-01,1.907874792814254761e-01,-1.939058154821395874e-01,1.210095524787902832e+00,-6.798223853111267090e-01,1.378003060817718506e-01,-2.279780805110931396e-01,-5.891647934913635254e-01,-4.105731248855590820e-01,-3.410101830959320068e-01,1.415129780769348145e+00,-6.698420047760009766e-01,8.333100080490112305e-01,2.118577957153320312e+00,-1.381813049316406250e+00,-2.083563804626464844e+00,-3.197297453880310059e-01,-1.547931790351867676e+00,-6.219026446342468262e-01,-1.766611099243164062e+00,6.253122687339782715e-01,6.427026391029357910e-01,3.029655516147613525e-01
8.824899196624755859e-01,3.515383303165435791e-01,-8.844656944274902344e-01,2.084536105394363403e-01,-1.326396763324737549e-01,4.437350481748580933e-02,8.010070919990539551e-01,1.897217273712158203e+00,-6.420179735869169235e-03,1.287768483161926270e+00,-1.414700597524642944e-01,7.597985863685607910e-01,1.234547570347785950e-01,1.349713325500488281e+00,1.482939362525939941e+00,2.337065786123275757e-01,-2.938075363636016846e-01,4.556022882461547852e-01,1.877845674753189087e-01,-4.725820720195770264e-01,-1.747050285339355469e+00,1.225084662437438965e+00,-7.159852385520935059e-01,4.619451165199279785e-01,-1.400504231452941895e+00,-8.311942964792251587e-02,3.666726350784301758e-01,9.114924818277359009e-03,3.046101927757263184e-01,2.185213088989257812e+00
5.915693044662475586e-01,-5.425887107849121094e-01,7.422862648963928223e-01,7.996837496757507324e-01,-5.464122891426086426e-01,9.889378547668457031e-01,-3.428417816758155823e-02,-6.969686746597290039e-01,-3.079750537872314453e-01,1.034255743026733398e+00,-1.250795483589172363e+00,-1.429486155509948730e+00,-3.543409705162048340e-02,-5.269463062286376953e-01,1.982974886894226074e+00,6.536467671394348145e-01,1.402453184127807617e+00,2.265528142452239990e-01,-2.067277431488037109e+00,1.065292835235595703e+00,1.006283283233642578e+00,-7.731981873512268066e-01,6.635565161705017090e-01,-1.161252737045288086e+00,1.282389044761657715e+00,1.411573290824890137e-01,-5.475183129310607910e-01,-1.206972956657409668e+00,1.035424113273620605e+00,2.483403235673904419e-01
