-1.464318037033081055e+00,-5.550451874732971191e-01,1.715228199958801270e+00,-3.793520629405975342e-01,1.366073250770568848e+00,-7.487819790840148926e-01,-5.468517541885375977e-01,-2.214185237884521484e+00,1.554812341928482056e-01,-1.364621669054031372e-01,-2.697473466396331787e-01,5.627819299697875977e-01,-4.721150100231170654e-01,-2.421568483114242554e-01,4.410131275653839111e-01,-1.146495044231414795e-01,6.701656579971313477e-01,2.636891901493072510e-01,-2.708617746829986572e-01,1.676817417144775391e+00,7.117921113967895508e-01,2.003610134124755859e+00,1.215906620025634766e+00,-1.107040166854858398e+00,6.451869010925292969e-01,9.870221018791198730e-01,1.382524013519287109e+00,9.393460303544998169e-02,-8.762972950935363770e-01,7.139749526977539062e-01
-4.392871260643005371e-01,3.602607250213623047e-01,1.700772404670715332e+00,-1.786267757415771484e+00,1.065537452697753906e+00,1.016487553715705872e-01,-1.355924606323242188e+00,6.896743178367614746e-01,2.473160266876220703e+00,9.228203296661376953e-01,-1.474586367607116699e+00,4.901166856288909912e-01,-8.080540299415588379e-01,-3.467809557914733887e-01,6.036588549613952637e-01,-1.367852330207824707e+00,7.989282608032226562e-01,-5.112956464290618896e-02,-2.868164777755737305e-01,1.381537914276123047e-01,1.386205673217773438e+00,7.572604417800903320e-01,-1.912396311759948730e+00,-2.690464258193969727e-01,-1.297904253005981445e+00,-3.423359990119934082e-01,1.366693973541259766e-01,-4.348754286766052246e-01,-1.818982720375061035e+00,2.279687404632568359e+00
-1.187783945351839066e-02,-6.705256700515747070e-01,-4.002127051353454590e-01,1.125107765197753906e+00,-5.396875739097595215e-01,1.261875629425048828e-01,1.706921160221099854e-01,-7.423257231712341309e-01,6.718386411666870117e-01,1.999882340431213379e+00,3.382700204849243164e+00,-7.121844291687011719e-01,-8.261505961418151855e-01,-8.933156728744506836e-02,-6.445832848548889160e-01,2.324323415756225586e+00,5.061050653457641602e-01,-9.348409622907638550e-02,-9.353607892990112305e-01,-1.153096631169319153e-01,4.419173896312713623e-01,-8.650031685829162598e-02,2.305808782577514648e+00,-1.158629134297370911e-01,-1.534859776496887207e+00,-3.863720595836639404e-01,-2.306355386972427368e-01,4.296728596091270447e-02,-6.783255934715270996e-01,1.747123003005981445e+00
1.414858341217041016e+00,4.376076757907867432e-01,1.091240882873535156e+00,-1.357640027999877930e+00,7.168684005737304688e-01,-5.505893826484680176e-01,6.835451126098632812e-01,6.887628436088562012e-01,5.160307884216308594e-01,-8.849694728851318359e-01,-6.058287024497985840e-01,-7.839165925979614258e-01,6.862576603889465332e-01,-4.654246568679809570e-02,5.297632515430450439e-02,-7.239730358123779297e-01,1.347962617874145508e+00,-1.126348853111267090e+00,-3.743570446968078613e-01,-1.530348300933837891e+00,-2.045334875583648682e-01,-2.612304091453552246e-01,-1.559153646230697632e-01,7.947817444801330566e-01,1.211610317230224609e+00,3.631474673748016357e-01,1.585930705070495605e+00,1.426154494285583496e+00,5.829813480377197266e-01,1.412183940410614014e-01
-6.997314095497131348e-01,1.666640400886535645e+00,4.857896864414215088e-01,-7.412231564521789551e-01,6.158666610717773438e-01,1.913853287696838379e-01,9.236860275268554688e-01,-1.664321660995483398e+00,-2.945658862590789795e-01,1.419076085090637207e+00,4.947894066572189331e-02,6.353957653045654297e-01,1.370520830154418945e+00,1.134712025523185730e-01,-2.191487073898315430e+00,-1.243314862251281738e+00,1.469519287347793579e-01,2.104846000671386719e+00,7.997605800628662109e-01,1.538173258304595947e-01,-3.172722458839416504e-01,9.659179449081420898e-01,-5.311679244041442871e-01,2.988039255142211914e-01,1.613101482391357422e+00,-8.374297618865966797e-01,-7.091457247734069824e-01,-2.621608674526214600e-01,-1.171445012092590332e+00,3.575174510478973389e-01
8.239027857780456543e-01,2.969597101211547852e+00,1.926546692848205566e+00,8.954944014549255371e-01,-2.085890531539916992e+00,-3.618511557579040527e-01,2.291447073221206665e-01,-3.792200088500976562e-01,1.699748158454895020e+00,-7.643814086914062500e-01,-1.055444240570068359e+00,-1.004743695259094238e+00,-8.844191431999206543e-01,7.918789982795715332e-01,1.034175008535385132e-01,3.831487894058227539e-01,-6.159697845578193665e-02,-9.324083328247070312e-01,-4.307667613029479980e-01,1.710787415504455566e+00,-3.943336904048919678e-01,1.025479793548583984e+00,4.664658904075622559e-01,9.190559387207031250e-01,9.401547312736511230e-01,-6.715322285890579224e-02,-3.607495501637458801e-02,3.730885982513427734e-01,5.481594055891036987e-02,1.052605032920837402e+00
3.270837664604187012e-01,1.705781579017639160e+00,1.285811662673950195e-01,-1.859814167022705078e+00,2.516064167022705078e+00,9.993370771408081055e-01,1.345286965370178223e+00,-1.309671849012374878e-01,4.346726238727569580e-01,-8.694304525852203369e-02,1.023984193801879883e+00,1.889439523220062256e-01,-1.224333763122558594e+00,-5.052274465560913086e-01,-1.325964450836181641e+00,-3.536841869354248047e-01,6.075171232223510742e-01,1.530846953392028809e+00,7.754924297332763672e-01,2.158013820648193359e+00,-9.691910743713378906e-01,3.156692385673522949e-01,-4.449065327644348145e-01,-1.194054245948791504e+00,9.906703829765319824e-01,-1.511651873588562012e+00,-7.068095803260803223e-01,-3.450726270675659180e-01,3.938300535082817078e-02,6.437398195266723633e-01
9.530065655708312988e-01,-1.186658024787902832e+00,7.562181353569030762e-01,1.114128351211547852e+00,-9.210148453712463379e-01,4.155280590057373047e-01,7.322703599929809570e-01,2.433355599641799927e-01,1.717204004526138306e-01,1.728828310966491699e+00,1.867250919342041016e+00,9.773167967796325684e-01,2.952008247375488281e+00,-5.040920376777648926e-01,1.652431011199951172e+00,-1.100557088851928711e+00,-6.734217405319213867e-01,7.482851147651672363e-01,6.164552569389343262e-01,-2.706912755966186523e+00,-2.495432138442993164e+00,-1.619026422500610352e+00,1.174581885337829590e+00,1.842787027359008789e+00,7.701222300529479980e-01,9.875766038894653320e-01,1.535387754440307617e+00,-1.502451419830322266e+00,6.070666909217834473e-01,9.381443858146667480e-01
-8.661035895347595215e-01,8.932047486305236816e-01,4.438875913619995117e-01,3.425852656364440918e-01,-4.096262156963348389e-01,3.647426962852478027e-01,3.408679962158203125e-01,-4.684301912784576416e-01,-1.428329348564147949e+00,7.247897982597351074e-01,-1.180122733116149902e+00,-3.217502832412719727e-01,-1.384774446487426758e+00,9.143166244029998779e-02,-1.374462246894836426e+00,-7.117363214492797852e-01,-7.309271693229675293e-01,-5.504359602928161621e-01,-9.264471530914306641e-01,-3.407375141978263855e-02,7.253163456916809082e-01,-7.533965259790420532e-02,2.136435061693191528e-01,-9.222441315650939941e-01,1.123792052268981934e+00,-6.672835946083068848e-01,-1.723572015762329102e+00,-4.659560918807983398e-01,-1.034800410270690918e+00,1.891135573387145996e+00
2.210848219692707062e-02,-2.494172573089599609e+00,-7.613350749015808105e-01,-1.902492284774780273e+00,-5.517090559005737305e-01,9.437623620033264160e-01,-5.966883897781372070e-01,-1.541190385818481445e+00,1.315914154052734375e+00,-3.700407147407531738e-01,-1.671649336814880371e+00,2.553015351295471191e-01,7.697077393531799316e-01,-8.904074430465698242e-01,4.492060840129852295e-01,-1.473348498344421387e+00,2.938133180141448975e-01,-6.193348765373229980e-01,2.017840623855590820e+00,-9.935539215803146362e-02,-4.858262836933135986e-01,-2.099917650222778320e+00,2.069312810897827148e+00,-5.054255723953247070e-01,5.533115863800048828e-01,1.217352151870727539e+00,-6.283104419708251953e-01,5.010079145431518555e-01,1.424159526824951172e+00,8.823405504226684570e-01
5.557386875152587891e-01,5.193457603454589844e-01,5.272288322448730469e-01,-8.328760415315628052e-02,-8.361356258392333984e-01,2.687373459339141846e-01,6.579666733741760254e-01,-1.201223015785217285e+00,-1.717444539070129395e+00,1.674103260040283203e+00,1.214976549148559570e+00,-1.901025176048278809e-01,-2.399689853191375732e-01,1.144634962081909180e+00,-4.419949352741241455e-01,3.717730641365051270e-01,1.696032404899597168e+00,1.072356939315795898e+00,8.120466768741607666e-02,-1.461180746555328369e-01,-1.258144021034240723e+00,-8.480299711227416992e-01,-6.587892770767211914e-01,4.911057651042938232e-01,7.801836729049682617e-01,-3.154397606849670410e-01,-5.991579294204711914e-01,2.121748775243759155e-01,4.126412421464920044e-02,1.396253257989883423e-01
6.040505692362785339e-02,7.029076218605041504e-01,8.934211730957031250e-02,-4.692275822162628174e-01,-5.953719615936279297e-01,-6.430397629737854004e-01,1.231880426406860352e+00,-2.244800776243209839e-01,2.914919555187225342e-01,-1.068043947219848633e+00,-4.869144856929779053e-01,-1.359465956687927246e+00,-9.413775801658630371e-01,1.711609214544296265e-02,-6.954411268234252930e-01,-9.547576308250427246e-01,4.706208407878875732e-01,-3.260185718536376953e-01,-4.469626843929290771e-01,1.849438995122909546e-01,6.134948730468750000e-01,-7.597798109054565430e-01,-1.166340231895446777e+00,5.872484445571899414e-01,1.027444243431091309e+00,-3.265733420848846436e-01,1.830266118049621582e-01,1.678393483161926270e-01,1.741062998771667480e+00,1.248977780342102051e+00
-1.537762641906738281e+00,-1.202004075050354004e+00,6.548367142677307129e-01,-7.148774713277816772e-02,-6.840902566909790039e-01,2.518027067184448242e+00,-9.943715333938598633e-01,-1.636555314064025879e+00,3.076611161231994629e-01,-2.729529142379760742e-01,-1.070872902870178223e+00,-9.500819444656372070e-02,7.575865387916564941e-01,-1.886821627616882324e+00,-3.687694072723388672e-01,7.715919613838195801e-01,-7.092860937118530273e-01,-1.431105971336364746e+00,2.478324651718139648e+00,-8.335948586463928223e-01,1.346390247344970703e+00,3.049281239509582520e-01,1.135617852210998535e+00,-6.264379620552062988e-01,2.651019394397735596e-01,3.901079595088958740e-01,1.680541753768920898e+00,-1.667329788208007812e+00,-2.240143902599811554e-02,-3.916609287261962891e-01
5.220751762390136719e-01,1.397518396377563477e+00,1.004755496978759766e+00,1.697756290435791016e+00,-6.720427870750427246e-01,-8.224641084671020508e-01,7.180919051170349121e-01,-1.323022961616516113e+00,-2.372901201248168945e+00,1.980851769447326660e+00,4.773803949356079102e-01,-1.459569454193115234e+00,9.586939811706542969e-01,2.960979640483856201e-01,1.541699171066284180e-01,3.447071909904479980e-01,-1.146950006484985352e+00,1.398668140172958374e-01,7.445458173751831055e-01,4.690617024898529053e-01,-1.679123640060424805e+00,6.564436107873916626e-02,3.494317829608917236e-02,-3.304556310176849365e-01,-9.085862040519714355e-01,-2.322433710098266602e+00,-1.323444992303848267e-01,9.530871510505676270e-01,1.511225938796997070e+00,1.977725178003311157e-01
-6.592352986335754395e-01,5.300161242485046387e-01,3.567043691873550415e-02,-5.743032693862915039e-01,-1.164249658584594727e+00,-3.659060895442962646e-01,-1.134420752525329590e+00,3.397972583770751953e-01,3.303430676460266113e-01,1.141406893730163574e+00,1.834542870521545410e+00,7.026534080505371094e-01,1.755966067314147949e+00,1.109037995338439941e+00,8.949171751737594604e-03,1.276250183582305908e-01,-6.054661870002746582e-01,-5.008533224463462830e-02,1.309224724769592285e+00,1.107606887817382812e+00,-8.059759140014648438e-01,1.038121461868286133e+00,-6.672580242156982422e-01,-3.082988858222961426e-01,-6.759214401245117188e-01,7.380505204200744629e-01,-1.213674664497375488e+00,2.403832197189331055e+00,-1.057824730873107910e+00,-2.592411041259765625e-01
2.564697340130805969e-02,2.599167525768280029e-01,-2.546560466289520264e-01,-6.717975735664367676e-01,2.171328783035278320e+00,1.209733486175537109e-01,-1.974659681320190430e+00,-6.992461681365966797e-01,-9.984345734119415283e-02,5.404321551322937012e-01,2.859918177127838135e-01,7.535160779953002930e-01,-1.334844112396240234e+00,8.115715384483337402e-01,2.017158508300781250e+00,8.706089854240417480e-01,9.682296514511108398e-01,5.664498209953308105e-01,-3.653973639011383057e-01,2.895441949367523193e-01,-1.919599771499633789e-01,-1.514471173286437988e+00,-3.712128996849060059e-01,-3.483738750219345093e-02,1.142453849315643311e-01,5.412030816078186035e-01,2.602334320545196533e-01,2.791935503482818604e-01,1.370196640491485596e-01,8.818268775939941406e-01
-1.254741907119750977e+00,2.253936052322387695e+00,-8.710597753524780273e-01,6.763831377029418945e-01,3.091495670378208160e-02,1.227321982383728027e+00,-1.827528476715087891e-01,1.242082476615905762e+00,-9.765069484710693359e-01,2.005635738372802734e+00,8.212949633598327637e-01,7.782443761825561523e-01,3.462901115417480469e-01,-3.072055578231811523e-01,-1.473043799400329590e+00,-6.343691945075988770e-01,-2.243360430002212524e-01,1.571496725082397461e+00,2.740112245082855225e-01,-7.217207551002502441e-02,8.223236203193664551e-01,7.512543201446533203e-01,-1.369377493858337402e+00,8.816394805908203125e-01,1.713959723711013794e-01,9.363055229187011719e-01,6.344812512397766113e-01,4.168868064880371094e-01,1.527587652206420898e+00,1.595449805259704590e+00
1.036744341254234314e-01,1.225849390029907227e+00,1.184686064720153809e+00,1.105222344398498535e+00,1.471317648887634277e+00,-5.002161860466003418e-01,3.798800408840179443e-01,5.942885875701904297e-01,3.496195077896118164e-01,6.890771389007568359e-01,8.227418661117553711e-01,4.873620569705963135e-01,-2.032086439430713654e-02,-3.419059887528419495e-02,-1.530212879180908203e+00,-9.036635607481002808e-02,6.918678283691406250e-01,-1.940114736557006836e+00,-4.878281950950622559e-01,1.084820628166198730e+00,-8.842065930366516113e-01,-1.719706058502197266e+00,-2.143161147832870483e-01,1.272499680519104004e+00,1.305731296539306641e+00,1.499948978424072266e+00,-5.732377767562866211e-01,1.146735191345214844e+00,1.035573258996009827e-01,-2.061515331268310547e+00
2.521117031574249268e-01,-3.186291694641113281e+00,-2.093949466943740845e-01,-6.352491974830627441e-01,-7.593734264373779297e-01,6.873586773872375488e-01,1.008939743041992188e+00,2.705685138702392578e+00,-1.369863152503967285e+00,6.721076369285583496e-01,-1.257848143577575684e+00,-1.404662251472473145e+00,-1.679646372795104980e+00,8.714971691370010376e-02,-8.381556868553161621e-01,-8.548300266265869141e-01,-1.551949143409729004e+00,-1.169818401336669922e+00,4.521961808204650879e-01,-7.262399196624755859e-01,3.698361217975616455e-01,-4.251290559768676758e-01,4.576553106307983398e-01,-2.670053482055664062e+00,9.336490035057067871e-01,1.022967845201492310e-01,1.071586728096008301e+00,-2.414335459470748901e-01,1.495216608047485352e+00,-3.428884446620941162e-01
-4.068028628826141357e-01,1.558252125978469849e-01,-6.010269522666931152e-01,-5.214340686798095703e-01,-7.477229237556457520e-01,5.711081624031066895e-01,1.006702780723571777e+00,-8.568916320800781250e-01,8.214348554611206055e-01,1.313711047172546387e+00,5.657107830047607422e-01,-3.769024908542633057e-01,-4.877650737762451172e-01,-8.005418777465820312e-01,-1.111118912696838379e+00,-9.413236379623413086e-01,6.795538067817687988e-01,4.387632906436920166e-01,1.260844111442565918e+00,3.582313656806945801e-01,-3.632363379001617432e-01,7.466986775398254395e-01,-2.737030386924743652e-01,-9.771689772605895996e-01,-2.397606819868087769e-01,1.667027354240417480e+00,-4.167863130569458008e-01,-1.835878729820251465e+00,-6.304782629013061523e-01,2.353878498077392578e+00
-8.049037456512451172e-01,2.487632930278778076e-01,3.759076595306396484e-01,-1.093835711479187012e+00,2.243854522705078125e+00,4.943082332611083984e-01,1.513302564620971680e+00,-1.931689381599426270e+00,-1.006534576416015625e+00,4.281004965305328369e-01,-6.409086585044860840e-01,2.048617005348205566e-01,5.949279665946960449e-01,-1.195538043975830078e-01,4.659759700298309326e-01,8.380997776985168457e-01,-9.227454066276550293e-01,-3.021301701664924622e-02,-1.324625611305236816e+00,2.648491859436035156e-01,1.319175004959106445e+00,4.670256674289703369e-01,2.173025161027908325e-01,-6.058109998703002930e-01,1.082554608583450317e-01,-1.539806425571441650e-01,1.380544900894165039e-02,5.633700266480445862e-02,-8.685579895973205566e-01,-1.257406234741210938e+00
-1.326416850090026855e+00,7.275754958391189575e-02,3.550769686698913574e-01,2.355022430419921875e-01,-8.816193938255310059e-01,4.808525741100311279e-01,-1.218161731958389282e-01,1.780048489570617676e+00,1.998062491416931152e+00,1.585592329502105713e-01,1.057404875755310059e+00,-3.815236985683441162e-01,9.425588250160217285e-01,-3.348125815391540527e-01,-1.113085627555847168e+00,1.491205692291259766e+00,-8.010011166334152222e-02,8.625548332929611206e-02,5.327438116073608398e-01,1.791355907917022705e-01,2.454479217529296875e+00,-1.232839107513427734e+00,3.748595714569091797e+00,6.377350091934204102e-01,1.794445395469665527e+00,3.714746236801147461e-01,-7.992729544639587402e-02,1.526693582534790039e+00,-8.254025131464004517e-02,1.139506816864013672e+00
-1.743771910667419434e+00,2.082429230213165283e-01,5.497945547103881836e-01,4.850450456142425537e-01,-2.417211771011352539e+00,6.592274904251098633e-01,-6.146095395088195801e-01,1.555398464202880859e+00,-1.425248086452484131e-01,1.503869295120239258e+00,-9.244204163551330566e-01,4.162379503250122070e-01,-1.203324794769287109e+00,-2.002869695425033569e-01,1.660486102104187012e+00,-2.219234228134155273e+00,-1.082656383514404297e+00,-4.882216453552246094e-02,1.134106397628784180e+00,2.554060518741607666e-01,-1.882337808609008789e+00,1.116459295153617859e-01,-1.566896200180053711e+00,1.621677398681640625e+00,-2.151094973087310791e-01,5.457972288131713867e-01,-1.028503552079200745e-01,6.545038819313049316e-01,-1.309197545051574707e+00,-5.876840353012084961e-01
-1.530002802610397339e-01,-6.916584968566894531e-01,1.392025947570800781e+00,-2.717704474925994873e-01,-1.417707562446594238e+00,-2.537144184112548828e+00,6.068697571754455566e-01,-3.507964313030242920e-01,3.051903247833251953e-01,9.817255139350891113e-01,-8.344509601593017578e-01,6.204554229043424129e-04,-4.096771478652954102e-01,5.994405746459960938e-01,-6.519342064857482910e-01,1.099887251853942871e+00,-5.908225178718566895e-01,6.295198798179626465e-01,-2.119276672601699829e-01,3.981365263462066650e-01,1.045681238174438477e-01,-1.837007403373718262e+00,-6.815950274467468262e-01,2.901357114315032959e-01,3.800658881664276123e-01,-1.103308320045471191e+00,1.643261909484863281e+00,6.008175015449523926e-01,1.258809447288513184e+00,7.001099735498428345e-02
-3.526968955993652344e-01,1.576545983552932739e-01,-7.537987232208251953e-01,-4.731561243534088135e-01,7.892314195632934570e-01,1.611268639564514160e+00,3.062699735164642334e-01,-2.594183199107646942e-02,-1.103272557258605957e+00,8.156055212020874023e-01,5.830938816070556641e-01,-1.025454163551330566e+00,5.828444361686706543e-01,5.358234047889709473e-01,-1.363713741302490234e+00,1.738428354263305664e+00,-9.894552230834960938e-01,-1.826060295104980469e+00,9.033556580543518066e-01,-1.419408559799194336e+00,2.022819072008132935e-01,3.140759170055389404e-01,-9.161405563354492188e-01,-1.387087583541870117e+00,1.187692642211914062e+00,1.097070217132568359e+00,-1.125080227851867676e+00,4.905000627040863037e-01,4.191006422042846680e-01,-8.268260359764099121e-01
1.185629367828369141e+00,6.033670306205749512e-01,-1.784439384937286377e-01,6.559639573097229004e-01,-3.042955100536346436e-01,4.338879585266113281e-01,-2.958518862724304199e-01,-2.817091718316078186e-02,1.479919433593750000e+00,-1.352483987808227539e+00,1.652523159980773926e+00,8.863277435302734375e-01,-2.090128183364868164e+00,-2.680314481258392334e-01,6.152463555335998535e-01,-2.314882278442382812e+00,6.872803568840026855e-01,-1.066391348838806152e+00,8.390153646469116211e-01,-5.525373220443725586e-01,4.264072328805923462e-02,5.422600507736206055e-01,3.087682416662573814e-03,6.967875361442565918e-01,1.409848809242248535e+00,-3.063789308071136475e-01,-6.869719028472900391e-01,8.887388706207275391e-01,-6.830086112022399902e-01,1.041343584656715393e-01
1.386831045150756836e+00,9.916570782661437988e-01,1.682406961917877197e-01,-7.004359960556030273e-01,-9.881152510643005371e-01,-2.269308418035507202e-01,-4.697014987468719482e-01,8.997083306312561035e-01,7.308496236801147461e-01,-7.441569864749908447e-02,3.921247124671936035e-01,5.220596790313720703e-01,6.489826440811157227e-01,1.339621663093566895e+00,-2.043727487325668335e-01,4.503752291202545166e-01,-8.945811390876770020e-01,-1.591251730918884277e+00,-5.460991263389587402e-01,-4.747383594512939453e-01,-2.097551107406616211e+00,-6.393618583679199219e-01,1.953631997108459473e+00,7.574870586395263672e-01,-8.861575722694396973e-01,-8.416074514389038086e-01,-1.778124570846557617e-01,-8.565877079963684082e-01,-5.897418260574340820e-01,2.733056247234344482e-01
1.017930388450622559e+00,-7.716006040573120117e-01,7.096120119094848633e-01,1.461126208305358887e+00,6.036027669906616211e-01,2.342597246170043945e-01,-1.223805665969848633e+00,1.309674680233001709e-01,3.332000732421875000e+00,1.220798969268798828e+00,3.733313083648681641e-01,-1.193717047572135925e-01,-2.436641603708267212e-01,8.452165722846984863e-01,-1.940036565065383911e-01,1.457098007202148438e+00,-2.232233732938766479e-01,-3.549342751502990723e-01,3.265831470489501953e-01,6.191411018371582031e-01,-2.498256862163543701e-01,-4.898850023746490479e-01,-1.171796202659606934e+00,2.141975611448287964e-01,-1.837781667709350586e-01,-1.596450805664062500e-01,-1.855165809392929077e-01,-9.385007619857788086e-02,6.348619461059570312e-01,5.211468338966369629e-01
1.163886904716491699e+00,-4.421123266220092773e-01,-2.974908053874969482e-01,2.293031930923461914e+00,5.612658858299255371e-01,-1.776818633079528809e+00,-1.146678805351257324e+00,-1.345139145851135254e+00,-1.057196259498596191e+00,6.689755320549011230e-01,-3.844913244247436523e-01,5.364228487014770508e-01,-6.088918447494506836e-01,-8.427971005439758301e-01,-2.266451835632324219e+00,-1.080121397972106934e+00,-6.757771968841552734e-01,4.236254990100860596e-01,1.067477703094482422e+00,-1.552915811538696289e+00,1.617425799369812012e+00,2.877025008201599121e-01,-4.361445903778076172e-01,4.628051817417144775e-02,-2.640154659748077393e-01,-2.044781923294067383e+00,7.749679088592529297e-01,-1.527020573616027832e+00,1.033744335174560547e+00,7.628394961357116699e-01
3.668219149112701416e-01,-1.258358836174011230e+00,-1.505866646766662598e+00,4.250181019306182861e-01,2.144303172826766968e-01,7.257658056914806366e-03,-9.595420956611633301e-02,-1.350528359413146973e+00,8.976239562034606934e-01,8.034263849258422852e-01,-3.719177007675170898e+00,-9.975015521049499512e-01,-1.726688623428344727e+00,-5.313787460327148438e-01,4.901065826416015625e-01,-7.530781626701354980e-01,-2.917735874652862549e-01,-1.111100241541862488e-01,-1.517944216728210449e+00,-1.641827523708343506e-01,6.047865748405456543e-01,-7.345001697540283203e-01,-2.841176986694335938e-01,1.070252776145935059e+00,-1.396016478538513184e+00,1.165497064590454102e+00,5.173423290252685547e-01,1.166237354278564453e+00,2.549560070037841797e-01,-1.255929589271545410e+00
8.419671058654785156e-01,-6.558935642242431641e-01,6.150938197970390320e-02,3.806474208831787109e-01,-8.603324890136718750e-01,9.801876544952392578e-01,-8.359411954879760742e-01,-1.960233598947525024e-01,9.897040724754333496e-01,-9.341171979904174805e-01,1.225961565971374512e+00,-1.490925908088684082e+00,-1.487613201141357422e+00,-1.395216464996337891e+00,2.439205348491668701e-01,-4.746629893779754639e-01,5.079084634780883789e-01,6.532566547393798828e-01,8.054046034812927246e-01,1.312068462371826172e+00,1.228240609169006348e+00,5.704216361045837402e-01,4.392417371273040771e-01,-5.605335235595703125e-01,4.014397263526916504e-01,-6.351959109306335449e-01,1.357071399688720703e+00,-4.258776307106018066e-01,-1.137124538421630859e+00,-2.953849077224731445e+00
2.878296375274658203e-01,9.906740188598632812e-01,5.626667663455009460e-02,-5.478052496910095215e-01,-9.615250825881958008e-01,-6.542440652847290039e-01,-7.040118575096130371e-01,-2.013669610023498535e-01,8.983230590820312500e-01,1.988521963357925415e-01,6.651216745376586914e-01,1.574182868003845215e+00,-1.786233633756637573e-01,-1.076654314994812012e+00,-9.927610158920288086e-01,-5.347861647605895996e-01,-1.878868222236633301e+00,6.212533116340637207e-01,8.185042142868041992e-01,1.475915670394897461e+00,-1.474094271659851074e+00,1.415435522794723511e-01,-1.777422070503234863e+00,-6.075112149119377136e-02,8.742391467094421387e-01,-4.500038027763366699e-01,-2.750980556011199951e-01,-2.835426330566406250e-01,1.225197091698646545e-01,5.311290025711059570e-01
4.758605360984802246e-01,3.095240294933319092e-01,8.337867259979248047e-01,-1.093621850013732910e+00,1.263879895210266113e+00,4.902987182140350342e-01,8.897759914398193359e-01,-8.378388881683349609e-01,-6.207076832652091980e-02,-1.558516740798950195e+00,-1.049249410629272461e+00,-1.297458291053771973e+00,1.126966238021850586e+00,2.755280733108520508e-01,-1.403102874755859375e+00,9.895569831132888794e-02,-1.220660060644149780e-01,1.013850927352905273e+00,-7.325711846351623535e-01,1.236283183097839355e+00,4.789763987064361572e-01,-1.297607064247131348e+00,-1.122733592987060547e+00,6.288024783134460449e-02,1.145763516426086426e+00,3.658874928951263428e-01,8.029336333274841309e-01,1.296419024467468262e+00,2.602385282516479492e-01,4.098930358886718750e-01
-1.633502721786499023e+00,-1.609406709671020508e+00,-5.584280490875244141e-01,2.085534334182739258e-01,1.031939506530761719e+00,7.717185616493225098e-01,1.379237651824951172e+00,5.371342301368713379e-01,-1.569759994745254517e-01,6.395176053047180176e-01,-3.631660342216491699e-01,2.340382575988769531e+00,-1.432361453771591187e-01,8.094688504934310913e-02,1.149576663970947266e+00,-3.403464555740356445e-01,-6.783890724182128906e-01,2.420676872134208679e-03,-5.550812482833862305e-01,-2.999748289585113525e-01,-2.338335663080215454e-01,-1.399162292480468750e+00,-7.821424603462219238e-01,1.972104609012603760e-02,-3.339800536632537842e-01,-1.254569888114929199e-01,1.013521701097488403e-01,-8.873370289802551270e-01,9.415199160575866699e-01,-4.966805279254913330e-01
9.472329020500183105e-01,-5.927448272705078125e-01,1.002350449562072754e+00,1.641470044851303101e-01,-6.404009461402893066e-01,-3.867360353469848633e-01,5.041244253516197205e-02,-1.084265112876892090e+00,1.314195752143859863e+00,-9.290969371795654297e-02,-7.944952249526977539e-01,9.316963553428649902e-01,-3.148189485073089600e-01,-5.014688372611999512e-01,-2.041872031986713409e-02,-5.576573610305786133e-01,-1.282040327787399292e-01,3.217472136020660400e-01,9.578275680541992188e-01,1.713063597679138184e+00,-9.281397461891174316e-01,5.788199305534362793e-01,1.773122996091842651e-01,-1.217987656593322754e+00,-1.162364892661571503e-02,-6.111810207366943359e-01,6.286398768424987793e-01,3.304668962955474854e-01,-2.439837716519832611e-02,1.767819046974182129e+00
1.765236735343933105e+00,7.214812040328979492e-01,1.034757375717163086e+00,-2.492814213037490845e-01,3.476078212261199951e-01,-6.084858179092407227e-01,1.042501211166381836e+00,-8.341651558876037598e-01,6.622917056083679199e-01,-1.391058802604675293e+00,-1.059420824050903320e+00,-9.656096696853637695e-01,2.271486818790435791e-01,1.616012215614318848e+00,2.748948931694030762e-01,2.057272195816040039e+00,-2.081464082002639771e-01,-3.501137197017669678e-01,7.033378481864929199e-01,-3.844938874244689941e-01,1.717846274375915527e+00,-9.044891595840454102e-01,1.914820313453674316e+00,5.604985356330871582e-01,-8.861097097396850586e-01,-1.485682606697082520e+00,-1.222749829292297363e+00,7.752266526222229004e-02,-1.974803209304809570e-01,-5.574031472206115723e-01
2.701546624302864075e-02,7.785513997077941895e-01,1.568862423300743103e-02,-4.803625047206878662e-01,7.214356064796447754e-01,1.003873944282531738e+00,4.236449897289276123e-01,-9.046996235847473145e-01,-7.495577335357666016e-01,1.854508370161056519e-01,-1.047570347785949707e+00,-1.503599524497985840e+00,7.665314674377441406e-01,-5.334017276763916016e-01,-1.297203779220581055e+00,1.131327152252197266e+00,-4.806910753250122070e-01,6.459169983863830566e-01,2.553521692752838135e-01,-3.116929531097412109e-01,-1.783714890480041504e+00,-2.882666289806365967e-01,-9.289036989212036133e-01,-8.031194806098937988e-01,6.009578108787536621e-01,7.845786809921264648e-01,-1.552874684333801270e+00,-1.108876347541809082e+00,-3.425071537494659424e-01,-5.201075077056884766e-01
-4.381574094295501709e-01,5.319287776947021484e-01,-5.927714109420776367e-01,4.647193253040313721e-01,1.490063667297363281e+00,-6.295065283775329590e-01,-1.106555223464965820e+00,1.668933629989624023e+00,-1.151701807975769043e+00,1.803186237812042236e-01,8.195652365684509277e-01,-1.694632619619369507e-01,-1.069313645362854004e+00,4.661917984485626221e-01,-2.181787341833114624e-01,4.841812551021575928e-01,1.519403606653213501e-01,-9.862622618675231934e-01,-8.167268633842468262e-01,-7.251728773117065430e-01,-2.099600315093994141e+00,3.189202249050140381e-01,9.647467732429504395e-02,1.994224488735198975e-01,-1.005174040794372559e+00,1.167063832283020020e+00,-2.965126931667327881e-01,1.763586044311523438e+00,-7.306984066963195801e-01,6.513629555702209473e-01
-7.137476205825805664e-01,-3.045980632305145264e-01,-1.190865635871887207e+00,-4.902309775352478027e-01,1.452279448509216309e+00,-1.289046406745910645e-01,-1.705849289894104004e+00,-1.326599597930908203e+00,5.209549069404602051e-01,1.210148632526397705e-01,1.437807559967041016e+00,1.329272627830505371e+00,2.000612020492553711e-01,-3.070377744734287262e-02,6.353968977928161621e-01,1.644029915332794189e-01,-2.183860063552856445e+00,-9.392800927162170410e-01,-4.185507595539093018e-01,4.749464392662048340e-01,-1.161567807197570801e+00,6.166297197341918945e-01,-1.041634321212768555e+00,7.315487414598464966e-02,-1.844434976577758789e+00,-6.774846911430358887e-01,-6.116839051246643066e-01,4.439658671617507935e-02,-1.154016494750976562e+00,-6.227676868438720703e-01
5.715446472167968750e-01,-2.656632959842681885e-01,1.195171356201171875e+00,-6.148403882980346680e-02,9.469926953315734863e-01,-7.159886360168457031e-01,-3.589912652969360352e-01,-4.230237603187561035e-01,1.223699927330017090e+00,1.144871115684509277e+00,5.217206478118896484e-01,1.182112812995910645e+00,5.129284858703613281e-01,2.038806080818176270e-01,2.788646459579467773e+00,1.173933625221252441e+00,3.121155500411987305e-01,-1.028467535972595215e+00,-4.628261923789978027e-01,3.803443312644958496e-01,-2.278221072629094124e-03,-9.281280636787414551e-01,-1.564820885658264160e+00,2.358360588550567627e-01,2.926398515701293945e-01,2.723465673625469208e-02,1.574521660804748535e+00,-2.393379360437393188e-01,4.481584951281547546e-02,6.716729998588562012e-01
1.118535324931144714e-01,-1.405018866062164307e-01,1.364206910133361816e+00,1.664432436227798462e-01,-2.512140512466430664e+00,1.230822056531906128e-01,-9.703199863433837891e-01,-9.360786527395248413e-02,-5.919752120971679688e-01,-8.856859803199768066e-01,8.274048566818237305e-01,-1.633915677666664124e-02,-4.817194938659667969e-01,-2.860104143619537354e-01,1.993006616830825806e-01,4.848680794239044189e-01,1.084332346916198730e+00,6.719211935997009277e-01,-9.237198233604431152e-01,6.811823844909667969e-01,8.882420659065246582e-01,2.225471258163452148e+00,-3.041504919528961182e-01,7.804496884346008301e-01,3.507561683654785156e-01,-1.469519495964050293e+00,1.512273430824279785e+00,3.824335336685180664e-01,1.686306893825531006e-01,-1.136314511299133301e+00
5.359094142913818359e-01,-4.052490592002868652e-01,2.180289626121520996e-01,-2.538586616516113281e+00,-7.821879982948303223e-01,6.857256889343261719e-01,5.493258126080036163e-03,-1.166815996170043945e+00,2.723604068160057068e-02,-7.954409718513488770e-01,6.851330399513244629e-01,-5.549643039703369141e-01,-8.695281147956848145e-01,-4.250092208385467529e-01,-1.110797882080078125e+00,2.195412069559097290e-01,1.084282994270324707e+00,-8.050916343927383423e-02,5.134020745754241943e-02,1.068473219871520996e+00,2.473594546318054199e-01,4.725070595741271973e-01,4.263701736927032471e-01,1.580063462257385254e+00,2.543624639511108398e-01,1.100043058395385742e+00,-1.379059404134750366e-01,-2.301845550537109375e+00,1.001625657081604004e+00,-1.187236513942480087e-02
-9.647981263697147369e-03,-1.166135907173156738e+00,1.296153903007507324e+00,-1.988931149244308472e-01,1.747354149818420410e+00,-2.455919682979583740e-01,1.066892027854919434e+00,2.768535614013671875e-01,5.120463967323303223e-01,8.574989438056945801e-01,2.234253734350204468e-01,-1.826821565628051758e+00,9.609022140502929688e-01,-7.115585207939147949e-01,1.031406998634338379e+00,-1.821683526039123535e+00,1.338291525840759277e+00,1.706164717674255371e+00,1.072599172592163086e+00,-7.090894579887390137e-01,-8.338782005012035370e-03,1.559642851352691650e-01,3.287243843078613281e-01,1.061378240585327148e+00,9.884470105171203613e-01,1.319161355495452881e-01,1.600674629211425781e+00,4.264655709266662598e-01,1.865273356437683105e+00,5.065410137176513672e-01
1.034317970275878906e+00,1.970663666725158691e+00,8.468083105981349945e-03,-8.874173164367675781e-01,-2.112880796194076538e-01,-5.704896152019500732e-02,9.727742671966552734e-01,1.186086654663085938e+00,-5.370517373085021973e-01,1.253612190485000610e-01,-7.773587703704833984e-01,-6.930513978004455566e-01,2.180642843246459961e+00,2.328934669494628906e+00,6.375848650932312012e-01,9.636044502258300781e-02,-1.601065754890441895e+00,-1.454612135887145996e+00,-2.950513958930969238e-01,-5.060266852378845215e-01,3.805860877037048340e-01,-5.910794138908386230e-01,1.093551367521286011e-01,3.524931967258453369e-01,5.696623921394348145e-01,2.500646933913230896e-02,-9.428368806838989258e-01,-8.436135649681091309e-01,2.188246250152587891e+00,9.904965758323669434e-02
8.148083686828613281e-01,-1.240888237953186035e+00,-6.714766472578048706e-02,-9.763665199279785156e-01,8.498346209526062012e-01,-5.479652881622314453e-01,5.244383215904235840e-01,1.559533715248107910e+00,-1.077656745910644531e+00,-4.428900480270385742e-01,1.912976622581481934e+00,-7.249673455953598022e-02,8.423783183097839355e-01,-1.593345642089843750e+00,-9.311103224754333496e-01,3.758703768253326416e-01,1.058454036712646484e+00,3.584055900573730469e-01,-5.692701339721679688e-01,1.469864368438720703e+00,-2.324806451797485352e+00,1.619751453399658203e+00,1.161329150199890137e+00,1.285900712013244629e+00,-1.069162964820861816e+00,-7.053619027137756348e-01,1.061656698584556580e-01,-1.111454606056213379e+00,8.247690200805664062e-01,4.966218471527099609e-01
9.270827770233154297e-01,-3.928020000457763672e-01,1.908230781555175781e+00,-5.853595733642578125e-01,-8.147453665733337402e-01,2.376464605331420898e-01,6.881280541419982910e-01,-1.276006937026977539e+00,-7.796733975410461426e-01,-6.102884411811828613e-01,-5.269220471382141113e-01,-1.380652427673339844e+00,9.162822365760803223e-01,-7.854951620101928711e-01,3.185530602931976318e-01,-3.462019562721252441e-01,4.842342734336853027e-01,6.051106750965118408e-02,-5.271475762128829956e-02,-1.001402378082275391e+00,-5.442190542817115784e-02,1.581149339675903320e+00,-1.897239327430725098e+00,8.569837212562561035e-01,1.061774015426635742e+00,1.043253779411315918e+00,8.302804827690124512e-01,1.827070116996765137e-02,9.710152745246887207e-01,8.172931075096130371e-01
-6.351997852325439453e-01,-1.593928575515747070e+00,1.279738664627075195e+00,-1.037544131278991699e+00,1.480375170707702637e+00,9.418810606002807617e-01,-6.773817539215087891e-01,2.507067322731018066e-01,-6.109650135040283203e-01,-6.730628013610839844e-01,4.774587452411651611e-01,-5.116483196616172791e-03,-3.643356859683990479e-01,-1.397470682859420776e-01,-9.969711899757385254e-01,1.044786572456359863e+00,8.634035587310791016e-01,2.425204753875732422e+00,1.542456388473510742e+00,3.545445203781127930e-01,3.296358883380889893e-01,-5.066021084785461426e-01,1.557646393775939941e+00,3.280240893363952637e-01,-1.079539775848388672e+00,-1.157434936612844467e-02,-7.414011955261230469e-01,6.651901602745056152e-01,-4.838238358497619629e-01,2.046597003936767578e-01
1.121232628822326660e+00,-8.732568025588989258e-01,-3.583835959434509277e-01,-3.067896366119384766e-01,-4.858160316944122314e-01,4.029913544654846191e-01,-3.196687102317810059e-01,-1.066207766532897949e+00,5.488696098327636719e-01,-3.355857133865356445e-01,1.279701888561248779e-01,-7.304645776748657227e-01,1.379195690155029297e+00,-6.542425155639648438e-01,1.556459188461303711e+00,-1.884048700332641602e+00,-1.108170390129089355e+00,4.146606922149658203e-01,-8.221679925918579102e-01,1.406330108642578125e+00,-8.020632714033126831e-02,1.554601311683654785e+00,-3.844932019710540771e-01,1.067624807357788086e+00,1.825852155685424805e+00,2.360403299331665039e+00,1.335161209106445312e+00,-5.497067570686340332e-01,1.123328804969787598e-01,4.449928998947143555e-01
-8.513631224632263184e-01,1.487773895263671875e+00,-7.265937328338623047e-01,5.266095325350761414e-02,-2.044154703617095947e-01,7.454804182052612305e-01,2.580916404724121094e+00,-1.081153869628906250e+00,-7.065478563308715820e-01,6.682345271110534668e-01,4.242302477359771729e-02,-1.576400995254516602e+00,-6.515081524848937988e-01,9.833003878593444824e-01,-1.396184921264648438e+00,-8.150934576988220215e-01,-1.040682792663574219e+00,-9.132695943117141724e-02,-5.908197909593582153e-02,-1.501991510391235352e+00,4.239462912082672119e-01,-1.264163851737976074e+00,1.535810589790344238e+00,-7.394868731498718262e-01,-1.256402850151062012e+00,-5.478439927101135254e-01,-1.146084219217300415e-01,-6.258861720561981201e-02,-6.485530138015747070e-01,3.989655971527099609e-01
2.102699518203735352e+00,8.455607295036315918e-02,-1.162994384765625000e+00,-5.815623402595520020e-01,3.706667721271514893e-01,7.419524192810058594e-01,2.968052029609680176e-01,3.528996109962463379e-01,-1.228298425674438477e+00,-1.578634262084960938e+00,2.004349678754806519e-01,5.984968692064285278e-02,-4.332651197910308838e-02,-9.501225352287292480e-01,3.040212905034422874e-03,1.271740674972534180e+00,7.857973575592041016e-01,-2.628614604473114014e-01,9.737884998321533203e-02,-7.449214812368154526e-03,1.077008396387100220e-01,-2.441249191761016846e-01,-8.701470494270324707e-01,-1.870442986488342285e+00,1.026609539985656738e+00,1.830031752586364746e+00,2.658088207244873047e+00,-4.461016356945037842e-01,1.153609871864318848e+00,-1.990957140922546387e+00
-1.557064175605773926e+00,-4.117974042892456055e-01,-8.525954484939575195e-01,-1.570383459329605103e-01,5.903218314051628113e-02,-1.029909551143646240e-01,3.539395630359649658e-01,-2.909848392009735107e-01,1.091918628662824631e-02,-6.295169591903686523e-01,-3.863565027713775635e-01,-6.320856213569641113e-01,1.789566040039062500e+00,-1.999423950910568237e-01,-8.931185305118560791e-02,9.327641874551773071e-02,3.310125172138214111e-01,3.706703186035156250e-01,-3.676729500293731689e-01,-3.202601894736289978e-02,8.140155673027038574e-01,2.277014970779418945e+00,1.008922934532165527e+00,1.588630437850952148e+00,1.810590744018554688e+00,3.318788528442382812e+00,2.095488458871841431e-01,-7.586855292320251465e-01,2.573809623718261719e-01,2.634783983230590820e-01
1.875377655029296875e+00,-5.142751336097717285e-01,1.819713592529296875e+00,4.694688320159912109e-01,6.939915418624877930e-01,1.965138792991638184e+00,6.492699980735778809e-01,-1.825072407722473145e+00,1.103632748126983643e-01,6.647086143493652344e-01,-7.109003067016601562e-01,-1.759635686874389648e+00,6.278736591339111328e-01,-4.232205748558044434e-01,-1.950248032808303833e-01,1.885239928960800171e-01,4.618042111396789551e-01,4.541893899440765381e-01,2.036808803677558899e-02,-1.200841784477233887e+00,-1.741788148880004883e+00,-1.063081264495849609e+00,-1.315375447273254395e+00,5.641755461692810059e-01,-2.411512136459350586e-01,1.086609244346618652e+00,2.672151923179626465e-01,-1.552451550960540771e-01,-4.662419557571411133e-01,2.667015790939331055e-01
2.053225040435791016e-01,-7.496054768562316895e-01,4.876447916030883789e-01,-3.485842049121856689e-01,2.900433838367462158e-01,1.759423613548278809e+00,1.625923514366149902e-01,-9.506403207778930664e-01,1.581491082906723022e-01,1.304619073867797852e+00,-1.123004198074340820e+00,-9.110479354858398438e-01,-6.639958620071411133e-01,-1.488502144813537598e+00,-1.469486355781555176e-01,-1.728204369544982910e+00,6.230501532554626465e-01,-2.790977805852890015e-02,4.371899068355560303e-01,-1.537707805633544922e+00,5.315374135971069336e-01,-3.883306384086608887e-01,1.337395191192626953e+00,-1.220305323600769043e+00,6.196295022964477539e-01,-5.227837562561035156e-01,-1.978192478418350220e-01,1.684062123298645020e+00,-2.016140937805175781e+00,1.354815483093261719e+00
7.588130980730056763e-02,4.754002392292022705e-01,-2.316221952438354492e+00,1.042113184928894043e+00,-9.571378827095031738e-01,-1.128949642181396484e+00,9.947298765182495117e-01,5.441004410386085510e-02,9.502046704292297363e-01,-8.995550870895385742e-01,1.368173360824584961e-01,-2.050211668014526367e+00,9.487610459327697754e-01,-1.982482969760894775e-01,9.822412729263305664e-01,3.526273183524608612e-03,2.292637825012207031e+00,-4.282522797584533691e-01,-9.259400963783264160e-01,1.715576648712158203e-01,-9.341905713081359863e-01,-4.232501983642578125e-01,1.515865683555603027e+00,-8.453833311796188354e-02,-6.380850672721862793e-01,3.738273680210113525e-01,-1.448037147521972656e+00,1.979420304298400879e+00,1.829293370246887207e-01,-1.771594524383544922e+00
-1.356887221336364746e+00,1.590818524360656738e+00,-3.247183263301849365e-01,1.078502416610717773e+00,-1.436463236808776855e+00,-2.873727679252624512e-01,-4.814140796661376953e-01,-2.508273422718048096e-01,1.342629790306091309e+00,9.280380606651306152e-01,6.664530634880065918e-01,-9.118203520774841309e-01,1.163504123687744141e+00,-6.555003672838211060e-02,-3.343522548675537109e+00,3.595573455095291138e-02,8.937603831291198730e-01,-5.459301471710205078e-01,-1.771140247583389282e-01,-4.610898196697235107e-01,1.332284450531005859e+00,-3.453893959522247314e-01,-4.702941179275512695e-01,-6.965721845626831055e-01,1.515840768814086914e+00,-1.011265158653259277e+00,-5.763798952102661133e-01,1.071136116981506348e+00,-3.913232088088989258e-01,1.706691533327102661e-01
-1.241906046867370605e+00,-3.954316675662994385e-01,-1.858328938484191895e+00,1.085383296012878418e-01,-5.568988919258117676e-01,-2.938603758811950684e-01,1.019774079322814941e+00,6.743061542510986328e-01,-1.560483217239379883e+00,4.183895587921142578e-01,-1.813333630561828613e+00,1.412331700325012207e+00,9.995707869529724121e-01,1.492181539535522461e+00,4.026066958904266357e-01,-1.670090854167938232e-01,1.520462989807128906e+00,9.316973686218261719e-01,-2.985911369323730469e-01,9.524922370910644531e-01,6.332495063543319702e-02,2.208801746368408203e+00,6.914557814598083496e-01,1.397557139396667480e+00,-2.528378725051879883e+00,1.245859861373901367e+00,1.843075633049011230e+00,-2.885239422321319580e-01,6.379891633987426758e-01,2.119261026382446289e+00
-1.083956122398376465e+00,-1.105310082435607910e+00,-5.016933381557464600e-02,6.341339349746704102e-01,1.409008979797363281e+00,7.787165045738220215e-02,-2.464011430740356445e+00,-5.737245082855224609e-01,-1.134943604469299316e+00,8.701235651969909668e-01,7.043910622596740723e-01,2.142263948917388916e-02,1.249374032020568848e+00,3.593602776527404785e-01,1.264875978231430054e-01,-8.597594499588012695e-01,8.965975046157836914e-01,-7.654554843902587891e-01,-5.766346454620361328e-01,1.713600039482116699e+00,-2.402540445327758789e+00,2.582584321498870850e-01,-8.624884486198425293e-02,1.035517573356628418e+00,5.422558188438415527e-01,8.120024204254150391e-01,1.626816391944885254e+00,-7.332087755203247070e-01,-4.079467952251434326e-01,-1.184952855110168457e+00
2.816527783870697021e-01,2.516132034361362457e-02,2.462484985589981079e-01,-4.631538391113281250e-01,-1.219145059585571289e+00,-9.674391746520996094e-01,1.069240331649780273e+00,3.979548811912536621e-01,4.039094150066375732e-01,1.319351077079772949e+00,-7.954277992248535156e-01,-4.014956653118133545e-01,-1.956937611103057861e-01,7.406829297542572021e-02,1.117647528648376465e+00,7.712531685829162598e-01,-6.920592784881591797e-01,1.157994508743286133e+00,-9.204895794391632080e-02,-1.006894946098327637e+00,-4.403410851955413818e-01,6.277994513511657715e-01,-1.038980245590209961e+00,1.083875536918640137e+00,-7.552900314331054688e-01,-1.399993777275085449e+00,-4.431441426277160645e-02,-5.186560750007629395e-01,-1.525022536516189575e-01,-1.111262083053588867e+00
3.323790132999420166e-01,-6.233996525406837463e-02,5.312171578407287598e-01,-5.455638170242309570e-01,-1.247580349445343018e-01,-4.389130771160125732e-01,-3.471178114414215088e-01,-1.198778271675109863e+00,6.034461259841918945e-01,7.248727083206176758e-01,8.398209214210510254e-01,9.123960733413696289e-01,1.684866547584533691e-01,-1.167174458503723145e+00,-1.046548724174499512e+00,1.999165490269660950e-02,1.857202172279357910e+00,1.011319875717163086e+00,-1.051825046539306641e+00,7.102192193269729614e-02,7.834280133247375488e-01,-1.085222363471984863e+00,2.902851998805999756e-02,-3.510288298130035400e-01,-1.349077075719833374e-01,1.923133492469787598e+00,-7.537310719490051270e-01,7.818378210067749023e-01,-1.191567063331604004e+00,5.047705173492431641e-01
-1.109895110130310059e+00,-1.040757417678833008e+00,6.820009648799896240e-02,-1.022156238555908203e+00,1.015286922454833984e+00,-6.830637902021408081e-02,-6.520704030990600586e-01,-4.600088894367218018e-01,3.980304300785064697e-01,-9.911639690399169922e-01,-1.286111712455749512e+00,7.578556537628173828e-01,-4.749636054039001465e-01,6.607686877250671387e-01,-4.007852375507354736e-01,-1.018248200416564941e+00,3.230180740356445312e-01,1.838193178176879883e+00,-9.049911499023437500e-01,-5.156486034393310547e-01,1.013414859771728516e+00,3.060577213764190674e-01,1.215949535369873047e+00,-1.435421347618103027e+00,-5.463090538978576660e-01,6.178577542304992676e-01,1.156794548034667969e+00,-1.443483233451843262e-01,5.408272147178649902e-01,-3.893384337425231934e-01
-7.176034450531005859e-01,1.493051052093505859e-01,6.959623098373413086e-01,1.041358232498168945e+00,-9.896113276481628418e-01,9.164257645606994629e-01,-1.135365724563598633e+00,-9.109874963760375977e-01,-4.029403626918792725e-01,-1.183272957801818848e+00,2.149073630571365356e-01,-1.073246121406555176e+00,-9.461330175399780273e-01,1.146923005580902100e-01,-1.380579322576522827e-01,8.076394796371459961e-01,1.696733981370925903e-01,-1.128897547721862793e+00,5.303253531455993652e-01,-3.214793801307678223e-01,1.069437861442565918e+00,-1.319081306457519531e+00,-2.515893280506134033e-01,1.121547102928161621e+00,-2.223969459533691406e+00,-2.548261284828186035e-01,-1.553477644920349121e-01,1.442285418510437012e+00,1.094229221343994141e+00,1.028381228446960449e+00
1.153720855712890625e+00,-4.575127661228179932e-01,-1.936319231986999512e+00,1.992490887641906738e-01,3.051834702491760254e-01,-8.465116024017333984e-01,-6.650863885879516602e-01,-5.631768330931663513e-02,-1.029852390289306641e+00,1.041524529457092285e+00,7.943663001060485840e-01,-8.031321167945861816e-01,7.588467001914978027e-01,9.619659185409545898e-02,4.159376323223114014e-01,1.384320259094238281e+00,-7.739990949630737305e-01,2.016869634389877319e-01,3.224056959152221680e-01,-9.248048812150955200e-02,-6.996506452560424805e-02,1.539824485778808594e+00,2.558410763740539551e-01,-1.605069637298583984e-02,-8.063697218894958496e-01,-8.552107810974121094e-01,3.839990198612213135e-01,1.438058972358703613e+00,8.946390151977539062e-01,1.904750019311904907e-01
7.634974718093872070e-01,1.028301477432250977e+00,8.048763275146484375e-01,-4.488300681114196777e-01,5.877734422683715820e-01,7.173989415168762207e-01,3.930628001689910889e-01,-5.274870991706848145e-01,-5.503942370414733887e-01,2.104721784591674805e+00,1.055696368217468262e+00,4.713650345802307129e-01,-2.466809600591659546e-01,-2.159988880157470703e-01,7.899342775344848633e-01,8.070883154869079590e-01,-6.009227037429809570e-02,4.089859426021575928e-01,2.227029055356979370e-01,9.072341918945312500e-01,9.418948292732238770e-01,-1.688832283020019531e+00,-6.242973208427429199e-01,-1.873950600624084473e+00,-6.226394176483154297e-01,-5.650844573974609375e-01,1.104356288909912109e+00,-1.935291737318038940e-01,-2.781025767326354980e-01,-9.832624346017837524e-02
-1.644758820533752441e+00,4.625445306301116943e-01,1.374202966690063477e+00,1.198037862777709961e+00,-1.404718011617660522e-01,-4.451333284378051758e-01,-6.958565711975097656e-01,8.722940087318420410e-01,1.432695508003234863e+00,5.032730475068092346e-02,-1.740918993949890137e+00,-3.673872947692871094e-01,5.532835721969604492e-01,1.899798631668090820e+00,4.596074670553207397e-02,-5.326733589172363281e-01,-1.111880540847778320e+00,1.870159059762954712e-01,1.783621788024902344e+00,-1.357920467853546143e-01,7.663581371307373047e-01,-1.391757745295763016e-02,-4.055867493152618408e-01,1.150602102279663086e-01,-1.690183877944946289e+00,-1.333985328674316406e-01,1.763894796371459961e+00,6.606404185295104980e-01,-3.010292649269104004e-01,1.107614398002624512e+00
1.958215832710266113e+00,-6.549159884452819824e-01,4.096636176109313965e-01,1.441280484199523926e+00,6.573580503463745117e-01,1.446524024009704590e+00,5.419605374336242676e-01,1.285706520080566406e+00,4.841345921158790588e-02,1.164032340049743652e+00,1.313205480575561523e+00,-2.294338643550872803e-01,6.952741146087646484e-01,-1.786190271377563477e+00,-1.705610990524291992e+00,6.418424248695373535e-01,6.820110678672790527e-01,7.586539983749389648e-01,-1.147119522094726562e+00,1.742569655179977417e-01,1.038864970207214355e+00,1.326538562774658203e+00,-1.561290919780731201e-01,1.874388098716735840e+00,-1.213843464851379395e+00,-3.726876676082611084e-01,-2.279311895370483398e+00,5.234923213720321655e-03,4.822942316532135010e-01,-2.240533590316772461e+00
7.849491834640502930e-01,-5.462487339973449707e-01,3.302811086177825928e-01,9.406923651695251465e-01,1.882373213768005371e+00,-1.143232226371765137e+00,9.424878954887390137e-01,5.085530281066894531e-01,7.401545047760009766e-01,-6.377130150794982910e-01,-1.427528619766235352e+00,-5.627213716506958008e-01,9.376689046621322632e-02,1.519964575767517090e+00,-6.817882061004638672e-01,-3.519056737422943115e-01,1.792060285806655884e-01,3.687628507614135742e-01,-1.134380698204040527e-01,-6.488370299339294434e-01,-5.377421975135803223e-01,-2.474582195281982422e-01,1.007946372032165527e+00,-5.181387662887573242e-01,4.582096040248870850e-01,-1.632184863090515137e+00,-1.517207503318786621e+00,5.052724480628967285e-01,-5.925782956182956696e-03,-8.664551973342895508e-01
-1.260464429855346680e+00,-1.478479385375976562e+00,9.100304245948791504e-01,-2.068154811859130859e+00,-7.015398740768432617e-01,-1.060368418693542480e+00,-1.536549806594848633e+00,-2.693403959274291992e+00,1.324696660041809082e+00,-1.797093033790588379e+00,1.029987573623657227e+00,4.255566000938415527e-01,5.140734314918518066e-01,-2.941388487815856934e-01,-3.565201759338378906e-01,-3.195035457611083984e-02,-6.764777749776840210e-02,-1.140191256999969482e-01,-3.334912657737731934e-01,5.978511571884155273e-01,-3.756678402423858643e-01,-3.789635896682739258e-01,2.064119815826416016e+00,2.406373262405395508e+00,-7.715345919132232666e-02,9.590159654617309570e-01,-9.783076047897338867e-01,-1.075727790594100952e-01,6.576118618249893188e-02,-5.666134953498840332e-01
-1.403360247611999512e+00,-1.254484534263610840e+00,4.268405139446258545e-01,-6.318152546882629395e-01,9.467438459396362305e-01,-4.141212999820709229e-01,5.117713809013366699e-01,3.634843528270721436e-01,1.318507909774780273e+00,-6.111315488815307617e-01,-1.140023022890090942e-01,3.060744702816009521e-02,1.523837745189666748e-01,1.777325391769409180e+00,3.985592424869537354e-01,1.197038650512695312e+00,8.217695951461791992e-01,1.259213328361511230e+00,1.794497728347778320e+00,-9.562970995903015137e-01,-9.814398884773254395e-01,9.019340276718139648e-01,-1.162742257118225098e+00,4.645683765411376953e-01,1.984766840934753418e+00,3.014475703239440918e-01,1.827293932437896729e-01,2.629786357283592224e-02,-6.606501936912536621e-01,4.525636434555053711e-01
-1.171175464987754822e-01,1.361217737197875977e+00,-6.110217571258544922e-01,-7.235821336507797241e-02,3.137646019458770752e-01,-1.339670181274414062e+00,-2.636593282222747803e-01,1.395029902458190918e+00,-1.451707243919372559e+00,5.431363582611083984e-01,-8.851250410079956055e-01,1.187103033065795898e+00,7.092633247375488281e-01,-1.712193608283996582e+00,-1.058010831475257874e-01,-1.269630670547485352e+00,-1.028210163116455078e+00,-1.648823738098144531e+00,1.041332036256790161e-01,8.476262539625167847e-02,-1.635085582733154297e+00,1.005490064620971680e+00,-1.593870520591735840e+00,-8.021031022071838379e-01,-1.397860348224639893e-01,3.496507167816162109e+00,2.713970541954040527e-01,-4.714126288890838623e-01,-6.336225867271423340e-01,-7.793416380882263184e-01
-2.484444826841354370e-01,1.924873888492584229e-02,-1.314825177192687988e+00,-1.967092633247375488e+00,-3.236105144023895264e-01,-6.560452580451965332e-01,-3.863937556743621826e-01,6.952403187751770020e-01,-9.521089792251586914e-01,-1.305151879787445068e-01,-1.384131550788879395e+00,-5.924510955810546875e-01,-3.638783097267150879e-01,1.240749478340148926e+00,-9.065024256706237793e-01,9.666077494621276855e-01,-7.477961778640747070e-01,1.002114787697792053e-01,-2.252228260040283203e+00,1.240513563156127930e+00,-2.370999008417129517e-01,-2.894173860549926758e-01,2.020752578973770142e-01,-2.172163575887680054e-01,-5.382142663002014160e-01,-7.130235433578491211e-01,3.475461602210998535e-01,-1.096340179443359375e+00,1.446876764297485352e+00,-1.608052253723144531e-01
2.404001355171203613e-01,4.750668406486511230e-01,-9.138510227203369141e-01,8.028973937034606934e-01,6.316474676132202148e-01,-1.041139006614685059e+00,9.339677095413208008e-01,-4.081287980079650879e-01,1.109722137451171875e+00,5.868864655494689941e-01,3.474134206771850586e-01,-7.234528064727783203e-01,6.115081310272216797e-01,-5.707774683833122253e-02,7.976824045181274414e-01,-1.521436572074890137e-01,9.979954361915588379e-01,8.920339941978454590e-01,9.600074887275695801e-01,-1.099140524864196777e+00,2.023382663726806641e+00,6.720834374427795410e-01,-1.227163314819335938e+00,-1.427844539284706116e-02,-3.657791316509246826e-01,-1.033929288387298584e-01,-1.095763087272644043e+00,-1.732237577438354492e+00,1.635259985923767090e+00,-1.467139363288879395e+00
3.805060386657714844e-01,-5.251802206039428711e-01,-6.901620030403137207e-01,-8.127492070198059082e-01,-4.785491526126861572e-01,-1.688101768493652344e+00,8.846979141235351562e-01,6.098695993423461914e-01,-7.343077659606933594e-02,9.913660883903503418e-01,-2.517561316490173340e-01,2.119373381137847900e-01,-7.059307694435119629e-01,-8.775427937507629395e-01,-7.118860483169555664e-01,4.251254200935363770e-01,5.575432777404785156e-01,-1.504048943519592285e+00,-1.262667655944824219e+00,1.547702312469482422e+00,-2.618643939495086670e-01,8.618757128715515137e-02,1.022816181182861328e+00,-6.868039965629577637e-01,-1.356350064277648926e+00,7.104206681251525879e-01,9.794079512357711792e-02,-2.350406646728515625e+00,6.623591184616088867e-01,7.024518251419067383e-01
3.260387778282165527e-01,2.345480620861053467e-01,1.314333200454711914e+00,-1.689769387245178223e+00,-1.344140291213989258e+00,2.046830177307128906e+00,1.136630654335021973e+00,-6.217994689941406250e-01,-4.379469454288482666e-01,8.405789732933044434e-01,-1.214578747749328613e-01,-1.228031158447265625e+00,3.099797368049621582e-01,1.308425664901733398e+00,-2.314206838607788086e+00,9.581816196441650391e-01,7.730664610862731934e-01,1.180791258811950684e+00,7.633511424064636230e-01,3.003005504608154297e+00,2.971695899963378906e+00,1.045794486999511719e+00,1.874181747436523438e+00,-2.355331927537918091e-01,-2.262876033782958984e-01,9.593156725168228149e-02,-1.106479883193969727e+00,2.961994707584381104e-01,1.175836086273193359e+00,-3.868033885955810547e-01
-2.732943370938301086e-02,5.498713254928588867e-01,-1.656061224639415741e-02,-1.557601690292358398e+00,-6.940514445304870605e-01,-3.690038621425628662e-01,1.358325600624084473e+00,-8.074074983596801758e-01,4.968364536762237549e-01,4.267423152923583984e-01,-1.089728713035583496e+00,7.531306743621826172e-01,-1.320469260215759277e+00,1.168549895286560059e+00,-4.172863066196441650e-01,4.771798253059387207e-01,-1.151980310678482056e-01,-9.361616969108581543e-01,5.305482074618339539e-02,3.068709373474121094e-01,-1.335279941558837891e+00,9.401989579200744629e-01,1.363452374935150146e-01,-3.077830672264099121e-01,-2.282728672027587891e+00,5.191386342048645020e-01,1.101794719696044922e+00,6.698585748672485352e-01,6.774295121431350708e-02,-1.397111564874649048e-01
-1.288397908210754395e+00,2.744764685630798340e-01,-4.651127383112907410e-02,6.800631284713745117e-01,-5.113281607627868652e-01,7.215962409973144531e-01,-7.643244266510009766e-01,-6.244133114814758301e-01,-2.608410716056823730e-01,1.527428030967712402e-01,1.999450922012329102e+00,1.527455151081085205e-01,-7.715089321136474609e-01,-5.985397696495056152e-01,-1.826266646385192871e+00,6.281378269195556641e-01,-1.467130184173583984e+00,-2.284810505807399750e-02,1.896093726158142090e+00,7.840820550918579102e-01,1.680060029029846191e-01,-2.169309705495834351e-01,5.284821391105651855e-01,-1.105023741722106934e+00,-6.404626369476318359e-01,-8.272138833999633789e-01,1.969020515680313110e-01,-1.250768899917602539e+00,-8.459767699241638184e-01,8.610401749610900879e-01
-1.271630376577377319e-01,1.366627693176269531e+00,-1.020722016692161560e-01,2.650928124785423279e-02,5.327224731445312500e-01,-6.394615173339843750e-01,1.487932324409484863e+00,-2.909122705459594727e-01,-1.259966254234313965e+00,-8.611405640840530396e-02,-8.240709900856018066e-01,-1.140109300613403320e+00,-4.331587553024291992e-01,1.540536165237426758e+00,-2.376032352447509766e+00,-2.228123426437377930e+00,-7.354254722595214844e-01,-1.803707003593444824e+00,1.178494095802307129e+00,-1.216307401657104492e+00,3.399310410022735596e-01,-2.907526493072509766e+00,-1.346218347549438477e+00,3.732055425643920898e-01,-1.144951730966567993e-01,5.330188274383544922e-01,6.861789226531982422e-01,-1.358642816543579102e+00,-7.176790833473205566e-01,-1.826918125152587891e+00
-1.406043887138366699e+00,-3.881193101406097412e-01,-4.085060209035873413e-02,-4.553242623805999756e-01,-8.754844665527343750e-01,1.579938292503356934e+00,1.109384179115295410e+00,-9.292873144149780273e-01,8.922268748283386230e-01,1.028023362159729004e+00,7.022287845611572266e-01,5.052987337112426758e-01,1.245926976203918457e+00,-1.086559653282165527e+00,2.787484042346477509e-02,1.055791497230529785e+00,1.761171936988830566e+00,-2.059346139430999756e-01,-2.360613048076629639e-01,6.878957748413085938e-01,1.352344155311584473e-01,4.527650177478790283e-01,1.322665333747863770e+00,-1.632658243179321289e+00,9.169587492942810059e-01,1.838591814041137695e+00,4.144296348094940186e-01,-1.183560192584991455e-01,-5.556269884109497070e-01,9.654041379690170288e-02
2.684419751167297363e-01,7.464978098869323730e-01,7.682757824659347534e-02,5.452767014503479004e-03,-8.164708018302917480e-01,7.638342976570129395e-01,-1.292721331119537354e-01,-1.083021879196166992e+00,7.226775288581848145e-01,-1.750525951385498047e+00,-6.570640802383422852e-01,2.391707897186279297e+00,2.723650455474853516e+00,-7.240796089172363281e-01,1.789163798093795776e-01,-4.017074108123779297e-01,6.289355754852294922e-01,3.107136189937591553e-01,5.249800086021423340e-01,-2.688256204128265381e-01,-5.522197484970092773e-01,-4.093350768089294434e-01,4.088258743286132812e-02,-1.526088833808898926e+00,2.585620433092117310e-02,1.213066458702087402e+00,-4.038886725902557373e-01,1.129176020622253418e-01,-2.336036264896392822e-01,-1.162920832633972168e+00
-1.059043884277343750e+00,1.604489684104919434e-01,1.852289795875549316e+00,-4.400438666343688965e-01,-3.949611634016036987e-02,-2.660883665084838867e-01,2.040411949157714844e+00,1.957335919141769409e-01,-1.788063764572143555e+00,-1.863950967788696289e+00,-1.967025734484195709e-02,-5.726898908615112305e-01,9.275919795036315918e-01,1.609102636575698853e-01,8.605005145072937012e-01,-1.575245857238769531e-01,5.375830531120300293e-01,3.317211866378784180e-01,2.000840157270431519e-01,1.368626952171325684e+00,-8.712934255599975586e-01,9.507899284362792969e-01,1.561879396438598633e+00,3.941449224948883057e-01,1.188271641731262207e+00,6.954010128974914551e-01,6.503607034683227539e-01,8.990165591239929199e-01,-1.901596903800964355e+00,-3.379705548286437988e-01
6.928968429565429688e-02,-5.420920252799987793e-01,6.708052158355712891e-01,8.593995571136474609e-01,-2.566329717636108398e+00,-1.040674924850463867e+00,1.657617539167404175e-01,5.858297348022460938e-01,7.223363518714904785e-01,5.105047225952148438e-01,-9.798064827919006348e-01,8.900655508041381836e-01,-9.596911668777465820e-01,-4.439342617988586426e-01,8.715343475341796875e-01,6.733579635620117188e-01,-1.378740310668945312e+00,7.318302392959594727e-01,-6.658737063407897949e-01,-6.967780590057373047e-01,9.049490690231323242e-01,-2.806521952152252197e-01,5.762736201286315918e-01,9.606081247329711914e-01,5.781114101409912109e-01,1.190982908010482788e-01,-7.868424057960510254e-01,-1.401556015014648438e+00,-6.923255920410156250e-01,4.122070074081420898e-01
-5.941388607025146484e-01,4.777711927890777588e-01,-6.648313403129577637e-01,3.646495342254638672e-01,-8.114707469940185547e-01,5.719006061553955078e-01,-9.250336885452270508e-01,-1.337598085403442383e+00,3.326139450073242188e+00,-2.999561838805675507e-02,5.306628346443176270e-01,1.519425749778747559e+00,7.276723533868789673e-02,8.276383280754089355e-01,1.152273297309875488e+00,-1.645845472812652588e-01,1.585886776447296143e-01,-5.347515940666198730e-01,-2.023512870073318481e-01,5.895117521286010742e-01,3.456889092922210693e-01,-1.936408281326293945e-01,8.778205513954162598e-01,-6.625806093215942383e-01,6.053261160850524902e-01,7.267488539218902588e-02,-1.181034803390502930e+00,-2.542169094085693359e-01,9.531103968620300293e-01,2.823468744754791260e-01
2.161316394805908203e+00,3.813766241073608398e-01,-1.380746126174926758e+00,-1.520851440727710724e-02,-4.292215108871459961e-01,-9.415386319160461426e-01,7.972662895917892456e-02,6.763522326946258545e-02,1.139433503150939941e+00,-3.550431132316589355e-01,-1.404164791107177734e+00,2.374914884567260742e-01,3.811888992786407471e-01,6.048074960708618164e-01,8.797560334205627441e-01,-7.171699404716491699e-01,1.041854262351989746e+00,-3.891578614711761475e-01,-2.143884897232055664e-01,-1.587184309959411621e+00,1.115941762924194336e+00,3.655385673046112061e-01,8.505604267120361328e-01,-1.351265907287597656e+00,8.977508544921875000e-01,1.460972070693969727e+00,4.939864948391914368e-02,-2.082577943801879883e-01,1.344879746437072754e+00,-1.602634489536285400e-01
1.522204726934432983e-01,-1.838746547698974609e+00,6.403833627700805664e-01,-3.087131865322589874e-02,-2.354511022567749023e+00,2.377769708633422852e+00,1.900099366903305054e-01,-1.846621632575988770e-01,1.339013457298278809e+00,-2.329171895980834961e+00,5.879393815994262695e-01,1.472258687019348145e+00,8.317888379096984863e-01,9.480842947959899902e-01,-2.885658740997314453e-01,-5.642846822738647461e-01,-5.145502686500549316e-01,-5.310917496681213379e-01,-2.293541282415390015e-01,1.292193770408630371e+00,7.697378098964691162e-02,2.624137103557586670e-01,1.210028648376464844e+00,-7.817570567131042480e-01,8.223794698715209961e-01,5.838754177093505859e-01,2.054791927337646484e+00,-4.527908563613891602e-01,9.766547381877899170e-02,2.967310696840286255e-02
6.090451776981353760e-02,7.265992164611816406e-01,-5.524246394634246826e-02,7.046356201171875000e-01,1.105126619338989258e+00,2.236026227474212646e-01,-1.680308021605014801e-02,9.433602690696716309e-01,-1.029781028628349304e-01,-3.535090386867523193e-01,-1.224421620368957520e+00,6.639515161514282227e-01,1.245876431465148926e+00,5.667720437049865723e-01,1.417125821113586426e+00,-1.142592668533325195e+00,-2.568515300750732422e+00,4.353071451187133789e-01,1.881185472011566162e-01,-2.716228365898132324e-01,-2.765756845474243164e-02,-5.918931365013122559e-01,7.602478265762329102e-01,-1.251115679740905762e+00,4.973658323287963867e-01,7.233208417892456055e-01,-4.882781207561492920e-01,-9.361882209777832031e-01,-1.117334246635437012e+00,-7.972340583801269531e-01
-5.620597004890441895e-01,-3.313639461994171143e-01,6.636715531349182129e-01,-6.199836730957031250e-01,1.404983758926391602e+00,-9.423971772193908691e-01,-3.274406790733337402e-01,1.412950277328491211e+00,2.494905143976211548e-01,-1.539751738309860229e-01,-3.971050977706909180e-01,-1.695507438853383064e-03,1.125628352165222168e-01,2.813145220279693604e-01,-1.555825471878051758e-01,-3.757666051387786865e-01,9.029068946838378906e-01,8.410754203796386719e-01,1.301548600196838379e+00,8.234497308731079102e-01,-1.148926019668579102e+00,2.614538431167602539e+00,-1.269186973571777344e+00,-7.665517926216125488e-01,9.390658140182495117e-01,2.092153728008270264e-01,-8.860720992088317871e-01,-8.805950284004211426e-01,2.604967355728149414e-01,-1.210778951644897461e+00
1.472076892852783203e+00,-1.353992700576782227e+00,4.679225385189056396e-02,1.127152964472770691e-01,4.119343683123588562e-02,2.952010035514831543e-01,1.037178158760070801e+00,1.841696977615356445e+00,5.745840445160865784e-02,-2.014787435531616211e+00,-1.324509978294372559e-01,-3.027424514293670654e-01,6.018741801381111145e-02,1.071131974458694458e-01,-2.359697580337524414e+00,1.041935801506042480e+00,1.186766862869262695e+00,3.397885262966156006e-01,-4.591502845287322998e-01,1.049513339996337891e+00,4.200885593891143799e-01,-2.044190317392349243e-01,1.739177346229553223e+00,-1.470320463180541992e+00,-2.607198953628540039e+00,4.617173969745635986e-01,-7.994062900543212891e-01,-7.744707465171813965e-01,-2.049552440643310547e+00,2.066175490617752075e-01
3.983516097068786621e-01,-5.200222134590148926e-01,-1.849562078714370728e-01,1.451156139373779297e+00,-4.639218449592590332e-01,-1.232950091361999512e+00,-7.915506362915039062e-01,1.548339873552322388e-01,1.415935516357421875e+00,2.718482017517089844e-01,-9.435120224952697754e-01,-4.573857486248016357e-01,-2.420980036258697510e-01,5.314345359802246094e-01,-3.872399628162384033e-01,-1.804438829421997070e+00,-3.066045939922332764e-01,-9.962036013603210449e-01,-1.082276552915573120e-01,6.915777325630187988e-01,-4.961014986038208008e-01,-4.200380146503448486e-01,-3.543854713439941406e+00,1.368903368711471558e-01,3.948106765747070312e-01,-1.235911488533020020e+00,3.286681473255157471e-01,-1.516436934471130371e-01,1.520867943763732910e-01,-1.209608197212219238e+00
2.473435640335083008e+00,3.805758431553840637e-02,4.106337130069732666e-01,-5.114119648933410645e-01,-1.041152715682983398e+00,-3.166745007038116455e-01,-8.378486037254333496e-01,-6.113563179969787598e-01,-2.266396760940551758e+00,7.276123166084289551e-01,1.504589766263961792e-01,-1.164964556694030762e+00,1.472023129463195801e+00,9.993016123771667480e-01,-3.277820050716400146e-01,2.479307651519775391e-01,7.234013676643371582e-01,4.816669970750808716e-02,-7.766722440719604492e-01,-1.215468645095825195e-01,1.049129962921142578e+00,-8.662229180335998535e-01,-6.500122547149658203e-01,1.459970355033874512e+00,-3.911709040403366089e-02,1.781785011291503906e+00,4.258929193019866943e-01,6.528804302215576172e-01,-5.422424077987670898e-01,6.116648316383361816e-01
-8.548507839441299438e-02,1.373684220016002655e-02,-8.143292665481567383e-01,-7.853954434394836426e-01,1.018867135047912598e+00,-1.730866074562072754e+00,-1.923328280448913574e+00,-2.257738590240478516e+00,1.400937080383300781e+00,1.748816668987274170e-01,2.440342120826244354e-02,-2.069652378559112549e-01,7.940750122070312500e-01,-1.671323180198669434e+00,6.298684477806091309e-01,3.154850721359252930e+00,-4.679808616638183594e-01,2.255934663116931915e-02,-1.721750736236572266e+00,8.721968531608581543e-01,-4.095302820205688477e-01,1.990284323692321777e-01,3.719507530331611633e-02,-2.606200873851776123e-01,-4.306318461894989014e-01,-2.540533840656280518e-01,-9.672585725784301758e-01,-2.607972621917724609e-01,-8.141297101974487305e-01,-1.229815483093261719e-01
2.859862744808197021e-01,2.481952667236328125e+00,-4.715464711189270020e-01,2.335240364074707031e+00,-9.885317087173461914e-01,9.668103456497192383e-01,-2.899895429611206055e+00,1.543715000152587891e-01,-3.359541064128279686e-03,4.528318941593170166e-01,-9.750466942787170410e-01,8.531460762023925781e-01,-8.231137692928314209e-02,-9.193478822708129883e-01,2.508724331855773926e-01,8.771703839302062988e-01,-5.285357832908630371e-01,6.221222877502441406e-01,5.833418965339660645e-01,-1.708741188049316406e+00,1.958226919174194336e+00,1.296737194061279297e+00,-5.867921710014343262e-01,4.979277551174163818e-01,-1.208917126059532166e-01,-4.102934300899505615e-01,2.548954784870147705e-01,1.753842353820800781e+00,1.481237292289733887e+00,-7.535613775253295898e-01
6.086550951004028320e-01,-9.241529740393161774e-03,-1.229941993951797485e-01,2.312873303890228271e-01,-2.138625681400299072e-01,-2.399942636489868164e+00,2.593571878969669342e-02,-1.840336203575134277e+00,-8.481021225452423096e-02,1.451356410980224609e+00,5.187828540802001953e-01,1.227414250373840332e+00,1.134308218955993652e+00,-1.276961684226989746e+00,4.713878631591796875e-01,3.586828410625457764e-01,-1.301650404930114746e+00,1.576671242713928223e+00,9.425269961357116699e-01,7.855037450790405273e-01,1.030943274497985840e+00,-1.812756210565567017e-01,6.598147004842758179e-02,-1.675962686538696289e+00,-2.220581173896789551e-01,-1.005557894706726074e+00,4.638000577688217163e-02,-1.628669738769531250e+00,2.149130403995513916e-01,1.426019191741943359e+00
-7.726091146469116211e-01,-3.128653168678283691e-01,-2.372245192527770996e-01,5.578072667121887207e-01,2.320437878370285034e-01,-3.896202445030212402e-01,-8.927019834518432617e-01,-6.886940598487854004e-01,1.729534626007080078e+00,-6.644433140754699707e-01,3.653341233730316162e-01,1.429947167634963989e-01,-7.510108351707458496e-01,3.259811997413635254e-01,1.722179949283599854e-01,-3.825016617774963379e-01,-6.416461467742919922e-01,4.485869109630584717e-01,-1.560470461845397949e-01,-3.170433342456817627e-01,-1.559015870094299316e+00,-9.817195534706115723e-01,6.887163221836090088e-02,-1.653032302856445312e-01,2.014831781387329102e+00,-1.088918447494506836e-01,-1.611188769340515137e+00,-5.941333174705505371e-01,2.688193023204803467e-01,-2.727876603603363037e-01
2.285657823085784912e-02,2.684966027736663818e-01,-5.250997543334960938e-01,-1.706477165222167969e+00,6.517149209976196289e-01,7.366207838058471680e-01,8.002970218658447266e-01,-1.716379761695861816e+00,1.655491471290588379e+00,1.391400814056396484e+00,-4.376539885997772217e-01,6.492797732353210449e-01,9.423601627349853516e-02,8.229849338531494141e-01,-8.449406623840332031e-01,-1.564562797546386719e+00,7.913236021995544434e-01,2.003774940967559814e-01,7.936247587203979492e-01,-6.309615969657897949e-01,-4.104854073375463486e-03,2.219631373882293701e-01,8.643273115158081055e-01,8.763073086738586426e-01,-2.344076484441757202e-01,2.949352860450744629e-01,-1.542198300361633301e+00,3.595017790794372559e-01,-1.406178236007690430e+00,-9.123770594596862793e-01
-4.429245591163635254e-01,-1.150090336799621582e+00,4.205280542373657227e-01,4.700887203216552734e-01,1.069111943244934082e+00,1.469452023506164551e+00,2.778204977512359619e-01,1.900873780250549316e-01,-3.846859931945800781e-01,5.958720669150352478e-02,8.616510033607482910e-01,1.272669881582260132e-01,-7.923177480697631836e-01,-9.420068264007568359e-01,1.741265654563903809e-01,8.381007909774780273e-01,-3.095840513706207275e-01,-1.171625614166259766e+00,-2.090758830308914185e-01,-8.436580002307891846e-02,2.494024336338043213e-01,1.684189736843109131e-01,7.587718367576599121e-01,2.432657241821289062e+00,-7.942677736282348633e-01,-5.655330419540405273e-01,-1.049925923347473145e+00,8.362472653388977051e-01,1.422589659690856934e+00,-2.709617912769317627e-01
-5.163285136222839355e-01,6.927306205034255981e-02,-4.655149877071380615e-01,3.255166113376617432e-01,-5.858601331710815430e-01,-1.937396079301834106e-01,3.670178651809692383e-01,6.447622179985046387e-01,-2.013408899307250977e+00,1.497537612915039062e+00,-3.564191758632659912e-01,1.498035788536071777e+00,1.091000199317932129e+00,-2.169084072113037109e+00,-1.991445899009704590e+00,-1.726013898849487305e+00,-5.421062111854553223e-01,1.481735110282897949e+00,9.361427426338195801e-01,1.752652376890182495e-01,1.423238873481750488e+00,-2.145888954401016235e-01,1.551248311996459961e+00,-1.773505955934524536e-01,5.826746821403503418e-01,-1.746375560760498047e-01,-3.348528444766998291e-01,6.556549072265625000e-01,6.837329864501953125e-01,-7.487387657165527344e-01
2.720911800861358643e-01,-2.326039969921112061e-01,1.166321396827697754e+00,-1.600775361061096191e+00,-7.013387084007263184e-01,-1.301837563514709473e+00,4.669095575809478760e-01,-5.120169520378112793e-01,4.454312622547149658e-01,4.338289201259613037e-01,1.023296833038330078e+00,4.195353388786315918e-01,-3.904533982276916504e-01,1.901780962944030762e+00,-1.240912795066833496e+00,-1.083493009209632874e-01,1.732128381729125977e+00,4.273355007171630859e-01,-3.246004581451416016e-01,-1.272971391677856445e+00,3.602672219276428223e-01,-4.363410174846649170e-02,1.420179843902587891e+00,-4.838315024971961975e-02,6.835705637931823730e-01,1.532940566539764404e-01,-5.006934404373168945e-01,2.182589620351791382e-01,1.344315290451049805e+00,6.152136921882629395e-01
2.581819295883178711e+00,-2.024828642606735229e-02,1.517882227897644043e+00,-6.633123755455017090e-01,6.045857071876525879e-01,5.910028815269470215e-01,-4.649296998977661133e-01,-8.010441064834594727e-01,3.797103762626647949e-01,8.443104624748229980e-01,1.404306173324584961e+00,-8.147268891334533691e-01,-9.795166254043579102e-01,3.634431958198547363e-01,-4.920241534709930420e-01,-3.669880330562591553e-01,1.153547912836074829e-01,-4.970360100269317627e-01,6.315709948539733887e-01,1.155238270759582520e+00,-9.579558372497558594e-01,3.792777359485626221e-01,2.031649798154830933e-01,-5.611572265625000000e-01,-1.236706614494323730e+00,-3.988840281963348389e-01,-1.520064473152160645e-01,-5.117755532264709473e-01,5.478973388671875000e-01,7.319555282592773438e-01
4.924768805503845215e-01,4.196715950965881348e-01,-9.201610684394836426e-01,-4.874121025204658508e-02,-1.057172894477844238e+00,9.198877811431884766e-01,8.628741651773452759e-02,8.727851510047912598e-02,-5.692275762557983398e-01,1.444382667541503906e+00,-7.402410507202148438e-01,1.922267377376556396e-01,-5.998254418373107910e-01,-3.261895477771759033e-01,-6.779725104570388794e-02,8.549432754516601562e-01,3.709351122379302979e-01,4.511551260948181152e-01,5.082442760467529297e-01,1.042968750000000000e+00,-1.487615823745727539e+00,3.019932806491851807e-01,-7.932543158531188965e-01,5.467665195465087891e-01,-9.255228042602539062e-01,-1.406130671501159668e+00,5.322524309158325195e-01,1.233974933624267578e+00,4.166437983512878418e-01,-1.129872798919677734e+00
-1.241524696350097656e+00,1.276507973670959473e+00,-2.223845720291137695e-01,7.720394730567932129e-01,1.455896735191345215e+00,2.205196768045425415e-01,-1.195431709289550781e+00,3.940409719944000244e-01,-7.256335616111755371e-01,1.719359636306762695e+00,2.368416786193847656e+00,-2.040509939193725586e+00,-2.424216568470001221e-01,1.028357982635498047e+00,1.698668301105499268e-02,-5.460922122001647949e-01,-7.565754652023315430e-01,-5.999987721443176270e-01,-8.328922390937805176e-01,1.861142963171005249e-01,1.264151692390441895e+00,-1.518765449523925781e+00,-4.107528328895568848e-01,-4.561966061592102051e-01,-3.707991540431976318e-01,-3.479317128658294678e-01,-4.675392210483551025e-01,-1.798730254173278809e+00,-1.088984012603759766e+00,-2.570315301418304443e-01
7.398388981819152832e-01,-9.219139814376831055e-02,-3.479319512844085693e-01,1.253919154405593872e-01,2.332141399383544922e-01,-7.869079709053039551e-02,7.765502333641052246e-01,1.076503157615661621e+00,8.901250958442687988e-01,-6.094397902488708496e-01,1.651681900024414062e+00,8.033452033996582031e-01,9.611747264862060547e-01,3.103694319725036621e-01,8.244556188583374023e-01,1.514726877212524414e-01,-3.792592510581016541e-02,-5.756829380989074707e-01,-1.040716290473937988e+00,-7.623629570007324219e-01,5.067893862724304199e-01,1.092146039009094238e+00,8.914224505424499512e-01,-1.448208689689636230e+00,-9.691193103790283203e-01,-8.010547161102294922e-01,-8.266457915306091309e-01,-1.851222991943359375e+00,4.410790279507637024e-02,7.456170916557312012e-01
